data_referencia,indice_precos_metais,preco_cobre_usd_ton,preco_minerio_ferro_usd_ton,preco_aluminio_usd_ton,preco_niquel_usd_ton,preco_zinco_usd_ton,ano,mes
1980-02-01,88.34523245294997,2916.71199088135,12.15,2131.00854492188,6978.927734375,868.620361328125,1980,2
1980-03-01,79.72631209091688,2303.8279,12.15,1978.37890625,6733.787109375,740.75244140625,1980,3
1980-04-01,75.78965751978349,2074.54755455933,12.15,1932.45556640625,6233.369140625,707.68310546875,1980,4
1980-05-01,72.26674835841571,2076.75230911865,12.15,1775.8037109375,6000.76953125,701.069091796875,1980,5
1980-06-01,69.6077343196229,2006.2042,12.15,1668.96044921875,6294.833984375,676.818359375,1980,6
1980-07-01,73.0554399445877,2175.96020911865,12.15,1758.07495117188,6622.166015625,712.09228515625,1980,7
1980-08-01,72.88575936266626,2081.16114544067,12.15,1783.62719726563,6584.505859375,767.207763671875,1980,8
1980-09-01,70.30621237460666,2059.11494544067,12.15,1655.06567382813,6655.357421875,795.867919921875,1980,9
1980-10-01,69.48428720700717,2045.88709088135,12.15,1626.15209960938,6691.947265625,804.686279296875,1980,10
1980-11-01,66.3534646563319,2010.61370911865,12.15,1503.91015625,6452.666015625,800.277099609375,1980,11
1980-12-01,63.36594166396619,1878.33650911865,12.15,1430.65673828125,6390.912109375,782.64013671875,1980,12
1981-01-01,62.84478662037855,1876.13175455933,12.15,1430.82958984375,6403.7734375,776.026123046875,1981,1
1981-02-01,62.34975325878454,1803.37889088135,12.15,1452.38110351563,6370.748046875,731.933837890625,1981,2
1981-03-01,62.38215168829464,1816.60674544067,12.15,1442.95190429688,6292.43359375,756.1845703125,1981,3
1981-04-01,61.32502816584164,1823.22100911865,12.15,1369.23461914063,6307.060546875,824.52783203125,1981,4
1981-05-01,59.24990629656042,1746.05930911865,12.15,1296.99584960938,6352.15625,850.9833984375,1981,5
1981-06-01,57.39353124509356,1699.76215455933,12.15,1232.40673828125,6169.462890625,839.960205078125,1981,6
1981-07-01,56.458857515431006,1682.12479088135,12.15,1175.31127929688,6150.337890625,864.2109375,1981,7
1981-08-01,58.874894190462,1787.94695455933,12.15,1230.82885742188,5999.1171875,954.600341796875,1981,8
1981-09-01,56.70006390064502,1706.37574544067,12.15,1168.9111328125,5579.064453125,936.96337890625,1981,9
1981-10-01,55.3309399096662,1664.4881,12.15,1140.181640625,5216.7109375,890.66650390625,1981,10
1981-11-01,54.01298233570429,1651.26024544067,12.15,1081.84643554688,5100.24609375,875.234130859375,1981,11
1981-12-01,55.19702541335619,1655.66975455933,12.15,1130.88427734375,5496.025390625,848.77880859375,1981,12
1982-01-01,55.2591751559872,1613.78210911865,14.05,1113.25854492188,5628.904296875,820.11865234375,1982,1
1982-02-01,54.61015751797885,1596.14474544067,14.05,1087.70629882813,5716.759765625,824.52783203125,1982,2
1982-03-01,51.956239616599184,1512.36945455933,14.05,1029.23657226563,5653.357421875,791.45849609375,1982,3
1982-04-01,50.58569844818458,1521.1878,14.05,996.20751953125,5394.0546875,740.75244140625,1982,4
1982-05-01,50.10226233808606,1530.00614544067,14.05,973.294189453125,5211.837890625,749.57080078125,1982,5
1982-06-01,46.53447030662674,1309.54431363983,14.05,918.849365234375,5186.697265625,692.250732421875,1982,6
1982-07-01,48.21970045870164,1439.61659088135,14.05,957.847900390625,5068.580078125,723.115478515625,1982,7
1982-08-01,48.10755703198854,1450.63969088135,14.05,958.864013671875,4953.02734375,714.296875,1982,8
1982-09-01,47.7204634251085,1424.18465455933,14.05,959.531982421875,4310.296875,749.57080078125,1982,9
1982-10-01,47.58344579183671,1463.86754544067,14.05,951.484130859375,3916.5078125,751.775390625,1982,10
1982-11-01,47.399102531111545,1444.0261,14.05,965.14697265625,3433.65747070313,709.8876953125,1982,11
1982-12-01,48.04785646459032,1474.89064544067,14.05,987.387451171875,3576.26953125,670.20458984375,1982,12
1983-01-01,50.35499588572648,1574.09854544067,12.54,1076.53076171875,3796.9599609375,698.864501953125,1983,1
1983-02-01,54.27317534718649,1649.05549088135,12.54,1230.45581054688,4228.197265625,681.2275390625,1983,2
1983-03-01,55.82722393930161,1598.3495,12.54,1301.72924804688,4831.7734375,679.02294921875,1983,3
1983-04-01,57.89730075619712,1675.5112,12.54,1363.56713867188,4817.78515625,696.659912109375,1983,4
1983-05-01,60.52841308892032,1765.90075455933,12.54,1453.43408203125,5031.533203125,736.343017578125,1983,5
1983-06-01,60.031734070107134,1701.96690911865,12.54,1465.57836914063,4883.158203125,718.7060546875,1983,6
1983-07-01,61.17461157164468,1704.17099088135,12.54,1520.2099609375,4804.037109375,740.75244140625,1983,7
1983-08-01,62.54110257803418,1640.23714544067,12.54,1603.66748046875,4852.7578125,809.095458984375,1983,8
1983-09-01,62.320903575725936,1560.87069088135,12.54,1613.72875976563,4910.5234375,837.755615234375,1983,9
1983-10-01,60.36682968500516,1435.20775455933,12.54,1566.25805664063,4674.150390625,857.59716796875,1983,10
1983-11-01,58.83781687374599,1388.9106,12.54,1516.72778320313,4585.166015625,859.8017578125,1983,11
1983-12-01,59.51366726343426,1415.36630911865,12.54,1549.33911132813,4657.0,857.59716796875,1983,12
1984-01-01,58.793651492270726,1375.68291363983,11.31,1548.90625,4670.48046875,956.80517578125,1984,1
1984-02-01,57.77724573209101,1428.59349088135,11.31,1491.16162109375,4639.912109375,998.69287109375,1984,2
1984-03-01,57.95924942805608,1501.34635455933,11.31,1455.76293945313,4780.826171875,1040.58056640625,1984,3
1984-04-01,56.65783536751368,1532.2109,11.31,1370.35034179688,4911.40625,1003.10205078125,1984,4
1984-05-01,54.17299758333131,1419.77514544067,11.31,1289.13500976563,4811.423828125,1000.8974609375,1984,5
1984-06-01,53.26389507042996,1364.65981363983,11.31,1275.02905273438,4773.232421875,941.372802734375,1984,6
1984-07-01,50.38451543055344,1331.59051363983,11.31,1162.80615234375,4640.1796875,853.18798828125,1984,7
1984-08-01,49.815017713905085,1338.20435681992,11.31,1136.00903320313,4736.07421875,833.346435546875,1984,8
1984-09-01,47.08346977366021,1294.11195681992,11.31,1012.169921875,4705.63671875,873.029541015625,1984,9
1984-10-01,46.82940383693848,1272.06575681992,11.31,1027.64794921875,4750.294921875,844.369384765625,1984,10
1984-11-01,49.87458676518611,1344.8182,11.31,1154.66040039063,4748.400390625,857.59716796875,1984,11
1984-12-01,48.50201141002481,1320.56741363983,11.31,1095.69604492188,4858.982421875,859.8017578125,1984,12
1985-01-01,48.39636724567848,1358.04588636017,11.49,1075.8544921875,4947.16796875,866.415771484375,1985,1
1985-02-01,49.06477731338283,1388.9106,11.49,1097.90087890625,5050.78515625,886.25732421875,1985,2
1985-03-01,49.2982832362356,1389.35153409195,11.49,1095.25512695313,5211.72265625,921.53125,1985,3
1985-04-01,50.684108133478446,1501.34635455933,11.49,1108.923828125,5489.50390625,930.349609375,1985,4
1985-05-01,50.78607432077549,1530.00614544067,11.49,1104.5146484375,5604.14453125,879.643310546875,1985,5
1985-06-01,48.479212299293344,1433.003,11.49,1031.76220703125,5553.4375,809.095458984375,1985,6
1985-07-01,47.48688443331042,1474.89064544067,11.49,1011.92065429688,5090.466796875,767.207763671875,1985,7
1985-08-01,47.59507296084973,1419.77514544067,11.49,1018.53442382813,4907.484375,734.138427734375,1985,8
1985-09-01,45.38767864126108,1366.8644,11.49,985.465087890625,4570.177734375,690.046142578125,1985,9
1985-10-01,45.46200629295681,1384.50134318008,11.49,970.03271484375,4239.484375,632.725830078125,1985,10
1985-11-01,44.165892497754136,1369.06898636017,11.49,950.191162109375,4034.45458984375,597.451904296875,1985,11
1985-12-01,45.54080417394702,1391.11518636017,11.49,1038.3759765625,4089.57006835938,685.63671875,1985,12
1986-01-01,47.60831009842588,1417.57039088135,11.36,1119.94702148438,4034.45458984375,643.7490234375,1986,1
1986-02-01,47.257793121164624,1404.34295681992,11.36,1115.53784179688,3988.15747070313,608.47509765625,1986,2
1986-03-01,48.62498854815984,1444.0261,11.36,1168.44848632813,4135.8671875,626.112060546875,1986,3
1986-04-01,48.24642055595576,1433.003,11.36,1164.03930664063,4085.16088867188,659.181396484375,1986,4
1986-05-01,48.27204926566954,1417.57039088135,11.36,1164.03930664063,4043.27319335938,707.68310546875,1986,5
1986-06-01,49.11811479690891,1413.16155455933,11.36,1183.880859375,4087.36547851563,804.686279296875,1986,6
1986-07-01,47.2287801991246,1344.8182,11.36,1122.15161132813,3910.99584960938,806.890869140625,1986,7
1986-08-01,47.04876332770412,1302.93038636017,11.36,1128.76538085938,3807.37866210938,815.70947265625,1986,8
1986-09-01,48.7832346913249,1309.54431363983,11.36,1205.92724609375,3723.60327148438,870.824951171875,1986,9
1986-10-01,48.08315937548223,1316.15815681992,11.36,1161.83471679688,3644.23681640625,886.25732421875,1986,10
1986-11-01,47.26986338060189,1302.93038636017,11.36,1130.96997070313,3642.0322265625,820.11865234375,1986,11
1986-12-01,47.47162974932231,1331.59051363983,11.36,1130.96997070313,3562.666015625,798.072509765625,1986,12
1987-01-01,47.89391103816691,1344.8182,10.94,1170.6533203125,3525.1875,758.38916015625,1987,1
1987-02-01,50.382998102264736,1380.09208636017,10.94,1283.0888671875,3716.9892578125,740.75244140625,1987,2
1987-03-01,52.71425101190661,1463.86754544067,10.94,1369.06909179688,3772.10473632813,731.933837890625,1987,3
1987-04-01,53.81852523844742,1483.70899088135,10.94,1399.93359375,3897.76806640625,760.593994140625,1987,4
1987-05-01,55.28747975864796,1518.98304544067,10.94,1410.95678710938,4435.6953125,837.755615234375,1987,5
1987-06-01,56.84222659474042,1571.89379088135,10.94,1472.68627929688,4435.6953125,877.438720703125,1987,6
1987-07-01,61.20978463771064,1693.14789088135,10.94,1653.46508789063,4753.16015625,828.93701171875,1987,7
1987-08-01,64.99368363889508,1754.87765455933,10.94,1809.99291992188,5306.51953125,802.481689453125,1987,8
1987-09-01,63.93470667037669,1809.99315455933,10.94,1746.05908203125,5332.9765625,756.1845703125,1987,9
1987-10-01,69.43173213464783,1966.52130911865,10.94,1962.11181640625,5692.328125,769.412353515625,1987,10
1987-11-01,68.67906909325254,2519.88039088135,10.94,1679.92041015625,5937.041015625,846.573974609375,1987,11
1987-12-01,75.21980501370774,2866.006,10.94,1823.220703125,7661.0546875,866.415771484375,1987,12
1988-01-01,77.2714213747885,2660.97660911865,10.51,2001.794921875,8073.318359375,877.438720703125,1988,1
1988-02-01,77.80201630025637,2328.07902275848,10.51,2138.4814453125,8666.361328125,875.234130859375,1988,2
1988-03-01,90.58313208267954,2358.9434,10.51,2526.49462890625,15496.2734375,981.055908203125,1988,3
1988-04-01,91.81420758500524,2283.98662275848,10.51,2508.85766601563,18011.74609375,1069.24072265625,1988,4
1988-05-01,101.86611157023964,2442.71869088135,10.51,2987.26000976563,17024.076171875,1175.0625,1988,5
1988-06-01,113.72879309848769,2539.72250911865,10.51,3578.09814453125,15588.8671875,1364.65966796875,1988,6
1988-07-01,90.92507226542835,2213.43817724152,10.51,2581.61010742188,14592.37890625,1236.79174804688,1988,7
1988-08-01,93.06934730776642,2200.21049088135,10.51,2700.65942382813,14186.73046875,1307.33959960938,1988,8
1988-09-01,87.19118150599859,2433.90017724152,10.51,2387.603515625,11878.4921875,1329.3857421875,1988,9
1988-10-01,89.8101403590263,2936.55410911865,10.51,2308.23706054688,11556.6171875,1518.98315429688,1988,10
1988-11-01,95.19672495286792,3302.52049088135,10.51,2380.98950195313,13342.359375,1556.46166992188,1988,11
1988-12-01,100.75426072634086,3496.52745455933,10.51,2458.1513671875,16920.458984375,1591.73559570313,1988,12
1989-01-01,100.5226624194562,3392.91004544067,12.03,2398.62646484375,17725.14453125,1732.83129882813,1989,1
1989-02-01,95.45496276405908,3095.28634544067,12.03,2175.59692382813,18582.474609375,1929.49731445313,1989,2
1989-03-01,93.9658539180204,3262.8376,12.03,2074.54736328125,17156.353515625,1959.9072265625,1989,3
1989-04-01,91.4518291246892,3117.33254544067,12.03,2125.80004882813,15261.5,1654.39990234375,1989,4
1989-05-01,89.88781086484843,2738.13830911865,12.03,2259.0,13454.0,1627.0,1989,5
1989-06-01,80.56985530520069,2544.13117724152,12.03,1914.0,12143.0,1537.0,1989,6
1989-07-01,77.65333116740898,2503.78709547119,12.03,1756.0,12275.0,1614.0,1989,7
1989-08-01,81.03960739300348,2760.18450911865,12.03,1798.0,12910.0,1726.0,1989,8
1989-09-01,78.7711941920148,2883.64269088135,12.03,1718.0,11222.0,1626.0,1989,9
1989-10-01,79.76085089363157,2859.39240911865,12.03,1820.0,10425.0,1583.0,1989,10
1989-11-01,74.76291204035067,2590.4285,12.03,1736.0,9793.0,1435.0,1989,11
1989-12-01,70.88989379664756,2418.46840911865,12.03,1633.0,8809.0,1450.0,1989,12
1990-01-01,67.47417557469674,2365.55699088135,14.05,1528.0,7056.0,1294.0,1990,1
1990-02-01,66.40682566575092,2358.9434,14.05,1454.0,6977.0,1394.0,1990,2
1990-03-01,73.87267293303839,2625.70272275848,14.05,1567.0,9267.0,1666.0,1990,3
1990-04-01,72.89951359398124,2685.22689088135,14.05,1526.0,8939.0,1686.0,1990,4
1990-05-01,73.61195206558625,2740.34239088135,14.05,1527.0,8698.0,1775.0,1990,5
1990-06-01,73.03077860780867,2583.81490911865,14.05,1566.0,8422.0,1715.0,1990,6
1990-07-01,74.90738358648817,2769.00302275848,14.05,1571.0,9318.0,1637.0,1990,7
1990-08-01,81.32667198745044,2956.39555455933,14.05,1782.0,10957.0,1615.0,1990,8
1990-09-01,86.70988605839398,3040.17084544067,14.05,2067.0,10844.0,1537.0,1990,9
1990-10-01,79.84252805773302,2742.54697724152,14.05,1946.0,9145.0,1353.0,1990,10
1990-11-01,71.7199429847115,2583.81490911865,14.05,1618.0,8587.0,1278.0,1990,11
1990-12-01,68.60218197505948,2484.60700911865,14.05,1522.0,8158.0,1265.0,1990,12
1991-01-01,68.51265903787457,2447.1282,15.03,1515.0,8569.0,1206.0,1991,1
1991-02-01,68.36202836659739,2447.1282,15.03,1505.0,8672.0,1188.0,1991,2
1991-03-01,67.9720774461766,2409.64939088135,15.03,1496.0,8700.0,1199.0,1991,3
1991-04-01,66.82178048995718,2471.37932275848,15.03,1392.0,9023.0,1254.0,1991,4
1991-05-01,63.184397119463696,2340.4246727356,15.03,1299.94995117188,8499.609375,1127.73999023438,1991,5
1991-06-01,61.53112680306216,2218.06802725677,15.03,1283.55004882813,8296.5,1067.44995117188,1991,6
1991-07-01,61.94724735349627,2231.25534581909,15.03,1297.54663085938,8515.201171875,1063.41333007813,1991,7
1991-08-01,60.86721946204049,2236.18677692413,15.03,1259.693359375,8154.75,1047.73999023438,1991,8
1991-09-01,59.94067209834439,2318.58300291138,15.03,1212.09521484375,7675.953125,1025.60009765625,1991,9
1991-10-01,58.77361833404886,2360.64557547607,15.03,1152.95458984375,7453.86328125,991.64990234375,1991,10
1991-11-01,58.86490056683522,2375.66037788696,15.03,1134.92504882813,7258.5,1100.65014648438,1991,11
1991-12-01,57.26695218616901,2205.91849749756,15.03,1099.5263671875,7140.263671875,1185.0791015625,1991,12
1992-01-01,58.45171205372853,2150.57962901611,14.31,1181.22729492188,7531.13671875,1157.6591796875,1992,1
1992-02-01,60.60786079374115,2208.89225860596,14.31,1270.75,7888.0,1135.47509765625,1992,2
1992-03-01,61.03965897734268,2231.78550956421,14.31,1282.02270507813,7430.455078125,1217.77270507813,1992,3
1992-04-01,62.00888187305137,2214.16681599274,14.31,1317.125,7417.951171875,1304.94995117188,1992,4
1992-05-01,62.09482585149477,2219.31505581207,14.31,1306.71069335938,7333.947265625,1377.73681640625,1992,5
1992-06-01,62.19946514975472,2296.44193858643,14.31,1275.27270507813,7202.36328125,1385.4091796875,1992,6
1992-07-01,64.8143231900986,2527.28502240143,14.31,1314.34790039063,7516.173828125,1320.4091796875,1992,7
1992-08-01,64.62036190813016,2513.46998458252,14.31,1305.55004882813,7279.75,1363.40014648438,1992,8
1992-09-01,63.04981042270682,2419.61418178101,14.31,1270.21435546875,6918.572265625,1367.119140625,1992,9
1992-10-01,58.83879228518142,2262.45696237183,14.31,1180.84106445313,6322.5,1158.36376953125,1992,10
1992-11-01,56.609447947544965,2161.78909368286,14.31,1162.21435546875,5593.71484375,1052.23803710938,1992,11
1992-12-01,57.93061172238655,2211.95028749237,14.31,1209.02380371094,5751.1904296875,1061.47619628906,1992,12
1993-01-01,57.6419617364056,2264.21397077332,12.58,1208.09997558594,5948.10009765625,1067.57495117188,1993,1
1993-02-01,57.24453296842822,2212.18139313507,12.58,1203.15002441406,6050.75,1073.625,1993,2
1993-03-01,55.39169264808413,2152.38020099945,12.58,1150.47827148438,5974.9130859375,996.760864257813,1993,3
1993-04-01,53.27138866810108,1953.62060192108,12.58,1110.27502441406,5987.5,1006.0,1993,4
1993-05-01,52.09074372060139,1799.35169844818,12.58,1125.42102050781,5777.78955078125,979.26318359375,1993,5
1993-06-01,52.88519096075692,1857.87070840454,12.58,1168.09094238281,5544.318359375,928.227294921875,1993,6
1993-07-01,53.617295449601386,1927.33981992645,12.58,1203.18176269531,5051.181640625,930.068176269531,1993,7
1993-08-01,52.80016660801604,1951.07137548676,12.58,1172.76196289063,4740.47607421875,886.833312988281,1993,8
1993-09-01,50.68781778053332,1858.24999750519,12.58,1116.90905761719,4376.04541015625,875.727294921875,1993,9
1993-10-01,48.92320922068211,1646.99992897491,12.58,1089.42858886719,4464.85693359375,918.571411132813,1993,10
1993-11-01,48.01831687939075,1632.56810484467,12.58,1040.02270507813,4642.27294921875,929.386352539063,1993,11
1993-12-01,50.349740800131016,1723.6250736618,12.58,1091.34997558594,5139.7998046875,975.534973144531,1993,12
1994-01-01,52.40197556601904,1807.07136699066,11.45,1170.0,5584.0478515625,998.59521484375,1994,1
1994-02-01,54.8855960582299,1865.07501472778,11.45,1270.52502441406,5830.10009765625,969.75,1994,2
1994-03-01,55.15772215216593,1913.17391866455,11.45,1287.69567871094,5590.4345703125,937.608703613281,1994,3
1994-04-01,54.50333698723639,1881.36846713562,11.45,1277.28942871094,5400.26318359375,924.342102050781,1994,4
1994-05-01,57.96241020378093,2144.50007046051,11.45,1321.04760742188,6082.85693359375,956.714294433594,1994,5
1994-06-01,61.39431229783321,2363.09102303009,11.45,1402.36364746094,6287.04541015625,966.0,1994,6
1994-07-01,63.71974517061452,2447.23803404999,11.45,1491.95239257813,6230.5712890625,962.642883300781,1994,7
1994-08-01,62.39950829687935,2409.74997397766,11.45,1457.06823730469,5856.13623046875,946.909118652344,1994,8
1994-09-01,66.01795035956538,2504.84103139343,11.45,1571.09094238281,6370.681640625,993.545471191406,1994,9
1994-10-01,69.31212645771434,2546.02375416412,11.45,1694.26196289063,6735.85693359375,1059.54760742188,1994,10
1994-11-01,75.98918649923546,2803.54541098175,11.45,1885.88635253906,7474.54541015625,1150.27270507813,1994,11
1994-12-01,77.70752935566415,2980.69999645081,11.45,1878.375,8540.650390625,1112.75,1994,12
1995-01-01,82.79467555763513,3003.26189506836,12.27,2059.35717773438,9596.1904296875,1154.8095703125,1995,1
1995-02-01,77.26567357315214,2870.45015814514,12.27,1905.44995117188,8431.25,1030.67504882813,1995,2
1995-03-01,75.06895614162941,2919.67397804871,12.27,1799.97827148438,7522.39111328125,1021.69567871094,1995,3
1995-04-01,76.04385237716356,2894.88882296448,12.27,1849.44445800781,7405.0,1059.13891601563,1995,4
1995-05-01,73.34590239795703,2771.57125569763,12.27,1765.47619628906,7262.380859375,1036.61901855469,1995,5
1995-06-01,75.564338697067,2987.68194348755,12.27,1775.79541015625,7877.27294921875,1007.77270507813,1995,6
1995-07-01,78.5867616088899,3076.4500581665,12.27,1867.27502441406,8618.0,1028.05505371094,1995,7
1995-08-01,78.99322140854578,3040.13619641418,12.27,1890.04541015625,8931.818359375,1015.47729492188,1995,8
1995-09-01,74.92958964325969,2910.42504276428,12.27,1761.72497558594,8397.25,988.025024414063,1995,9
1995-10-01,72.29671950952546,2810.06817431793,12.27,1671.95458984375,8068.86376953125,980.431823730469,1995,10
1995-11-01,73.94431828550601,2981.61903664856,12.27,1655.92858886719,8498.095703125,1033.1904296875,1995,11
1995-12-01,73.17339484190933,2918.21064537659,12.27,1657.81579589844,8074.21044921875,1017.15789794922,1995,12
1996-01-01,69.68892866428452,2604.99992943115,12.97,1584.47619628906,7870.71435546875,1019.69049072266,1996,1
1996-02-01,70.44468720755796,2544.66672335968,12.97,1594.57141113281,8198.5,1035.83337402344,1996,2
1996-03-01,71.08635763861834,2563.34994940033,12.97,1614.85717773438,8046.39990234375,1063.25,1996,3
1996-04-01,70.78660694851314,2594.17496803894,12.97,1587.40002441406,8047.0,1043.94995117188,1996,4
1996-05-01,71.45957950198834,2658.76193080902,12.97,1593.85717773438,8042.85693359375,1036.54760742188,1996,5
1996-06-01,65.42811049467568,2177.59998270721,12.97,1485.75,7713.15771484375,1009.40002441406,1996,6
1996-07-01,63.12220581178919,1983.93479971771,12.97,1460.02172851563,7202.60888671875,1000.52172851563,1996,7
1996-08-01,63.44950985535155,2017.85720584564,12.97,1466.78576660156,7037.619140625,1007.95239257813,1996,8
1996-09-01,61.74099779870532,1935.07143060913,12.97,1405.76196289063,7329.8095703125,998.976196289063,1996,9
1996-10-01,60.17857595893081,1960.19567519531,12.97,1336.02172851563,7028.69580078125,1002.71740722656,1996,10
1996-11-01,64.22316336439025,2215.42864607391,12.97,1451.04760742188,6960.71435546875,1044.31433105469,1996,11
1996-12-01,65.08218813520938,2264.59527826385,12.97,1500.97619628906,6571.0478515625,1036.54760742188,1996,12
1997-01-01,68.24014398114242,2427.27279402924,13.04,1575.13635253906,7069.13623046875,1086.13635253906,1997,1
1997-02-01,68.8917203540011,2406.63156159363,13.04,1582.05297851563,7736.5791015625,1178.15795898438,1997,2
1997-03-01,70.4137075464977,2420.1842087265,13.04,1631.18420410156,7893.21044921875,1254.34216308594,1997,3
1997-04-01,68.09959528777502,2389.31814949341,13.04,1561.11364746094,7313.13623046875,1240.02270507813,1997,4
1997-05-01,70.42584659983379,2513.29993523407,13.04,1625.44995117188,7476.0,1310.125,1997,5
1997-06-01,69.73697319808078,2611.28570015411,13.04,1567.1904296875,7060.0,1354.97619628906,1997,6
1997-07-01,69.49637925635562,2449.19570404663,13.04,1591.5869140625,6832.7392578125,1517.02172851563,1997,7
1997-08-01,70.76700129827695,2250.10004305115,13.04,1710.02502441406,6764.4501953125,1650.625,1997,8
1997-09-01,67.6295293414232,2104.30955452118,13.04,1611.61901855469,6498.28564453125,1638.28576660156,1997,9
1997-10-01,65.6476463791982,2050.6955684021,13.04,1607.32604980469,6373.47802734375,1276.67395019531,1997,10
1997-11-01,64.09295706228032,1918.49994499359,13.04,1598.32495117188,6137.25,1171.15002441406,1997,11
1997-12-01,61.07032862318639,1761.45239143524,13.04,1530.52380371094,5942.380859375,1101.26196289063,1997,12
1998-01-01,59.36865206314093,1687.60000986328,13.41,1485.47497558594,5489.0,1096.25,1998,1
1998-02-01,58.363077669964326,1663.99998604431,13.41,1465.17504882813,5367.25,1043.19995117188,1998,2
1998-03-01,58.50931615051538,1747.15916341095,13.41,1438.31823730469,5397.04541015625,1046.75,1998,3
1998-04-01,58.79298609726386,1800.12507817535,13.41,1417.55004882813,5391.0,1096.17504882813,1998,4
1998-05-01,56.83548020192901,1731.65792903595,13.41,1364.31579589844,5016.84228515625,1060.36840820313,1998,5
1998-06-01,54.53718969402603,1656.59518632507,13.41,1305.52380371094,4456.90478515625,1007.59521484375,1998,6
1998-07-01,54.68123510003628,1655.66672697449,13.41,1312.66662597656,4332.619140625,1043.5,1998,7
1998-08-01,54.09696780274377,1619.92507875671,13.41,1310.55004882813,4078.0,1029.05004882813,1998,8
1998-09-01,54.6795821814824,1646.77269191284,13.41,1341.88635253906,4100.9091796875,999.636352539063,1998,9
1998-10-01,52.92302579636267,1585.49992534637,13.41,1303.70458984375,3870.45458984375,941.363647460938,1998,10
1998-11-01,52.84166953118559,1573.72497511139,13.41,1295.30004882813,4117.25,965.950012207031,1998,11
1998-12-01,50.98157591839283,1475.76309447174,13.41,1250.39477539063,3865.76318359375,961.578918457031,1998,12
1999-01-01,49.59766359690999,1432.00002842255,11.93,1219.40002441406,4264.0,931.75,1999,1
1999-02-01,49.551438918029575,1412.95,11.93,1186.475,4623.25,1017.6,1999,2
1999-03-01,49.68514380228162,1378.47727272727,11.93,1179.86363636364,5002.95454545455,1028.79545454545,1999,3
1999-04-01,52.28312821985272,1463.725,11.93,1277.85,5054.75,1018.175,1999,4
1999-05-01,53.90288939351128,1510.44736842105,11.93,1323.13157894737,5395.78947368421,1039.92105263158,1999,5
1999-06-01,52.602801424892434,1422.15909090909,11.93,1315.52272727273,5194.77272727273,999.909090909091,1999,6
1999-07-01,56.45283352912151,1639.18181818182,11.93,1403.36363636364,5696.36363636364,1071.22727272727,1999,7
1999-08-01,57.60993948768432,1646.7380952381,11.93,1421.69047619048,6431.42857142857,1129.69047619048,1999,8
1999-09-01,60.38885691417117,1749.68181818182,11.93,1492.06818181818,7029.09090909091,1192.93181818182,1999,9
1999-10-01,59.81792789814367,1723.28571428571,11.93,1473.33333333333,7317.61904761905,1147.97619047619,1999,10
1999-11-01,60.292178680372345,1726.77272727273,11.93,1472.43181818182,7946.81818181818,1146.38636363636,1999,11
1999-12-01,62.36504349505229,1764.88235294118,11.93,1554.73529411765,8073.23529411765,1185.23529411765,1999,12
2000-01-01,65.72096927106531,1843.85,12.45,1679.85,8315.25,1178.575,2000,1
2000-02-01,65.86426327151844,1807.025,12.45,1679.425,9583.75,1098.25,2000,2
2000-03-01,63.91040843001865,1739.8,12.45,1579.64,10255.4,1113.0,2000,3
2000-04-01,60.82092530579619,1681.9075,12.45,1458.745,9746.5,1132.52,2000,4
2000-05-01,61.9800528232548,1785.09782608696,12.45,1468.0652173913,10122.9130434783,1154.07391304348,2000,5
2000-06-01,61.1407764803427,1752.07272727273,12.45,1509.37272727273,8384.31818181818,1116.19090909091,2000,6
2000-07-01,62.52682701620968,1803.14285714286,12.45,1564.37619047619,8174.80952380952,1135.91428571429,2000,7
2000-08-01,62.34178847909544,1857.12391304348,12.45,1530.3347826087,8038.4347826087,1172.55217391304,2000,8
2000-09-01,65.09772551647983,1961.89285714286,12.45,1602.30952380952,8624.80952380952,1221.67142857143,2000,9
2000-10-01,61.365157923490464,1894.37272727273,12.45,1501.24545454545,7650.63636363636,1091.61363636364,2000,10
2000-11-01,59.72129282369156,1795.60227272727,12.45,1475.55454545455,7350.59090909091,1058.68181818182,2000,11
2000-12-01,61.895433972661,1852.4,12.45,1569.055,7318.8,1059.33,2000,12
2001-01-01,62.29772332193327,1787.05681818182,12.99,1619.87727272727,6975.90909090909,1032.7,2001,1
2001-02-01,61.64245463343687,1766.125,12.99,1607.03,6546.8,1021.58,2001,2
2001-03-01,59.34823065255544,1742.15909090909,12.99,1512.17272727273,6165.18181818182,1005.62272727273,2001,3
2001-04-01,58.56150732177508,1665.97222222222,12.99,1499.48333333333,6363.11111111111,970.138888888889,2001,4
2001-05-01,59.99087054248924,1684.85,12.99,1542.39047619048,7086.47619047619,937.961904761905,2001,5
2001-06-01,57.51109747795426,1610.46904761905,12.99,1470.83333333333,6674.33333333333,896.928571428571,2001,6
2001-07-01,55.15526057120457,1526.77045454545,12.99,1418.62272727273,5962.54545454546,853.304545454545,2001,7
2001-08-01,53.5267770308519,1466.41136363636,12.99,1377.84545454545,5525.63636363636,830.031818181818,2001,8
2001-09-01,52.12650146475352,1427.69736842105,12.99,1345.995,5057.65,799.51,2001,9
2001-10-01,50.31759931425194,1377.37608695652,12.99,1283.53043478261,4830.78260869565,761.739130434782,2001,10
2001-11-01,52.06643433227542,1434.29318181818,12.99,1334.45454545455,5131.31818181818,774.345454545454,2001,11
2001-12-01,52.67375944669445,1472.84705882353,12.99,1348.72352941176,5315.82352941176,757.970588235294,2001,12
2002-01-01,53.94024893077163,1508.22727272727,12.68,1371.36363636364,6061.36363636364,794.195454545454,2002,1
2002-02-01,54.14595125860665,1561.3675,12.68,1371.08,6039.95,773.47,2002,2
2002-03-01,55.74087025162403,1607.3925,12.68,1404.985,6543.2,819.995,2002,3
2002-04-01,55.15959703497806,1588.57142857143,12.68,1370.38571428571,6956.80952380952,807.57619047619,2002,4
2002-05-01,54.43288319598205,1597.02272727273,12.68,1344.42727272727,6771.18181818182,768.25,2002,5
2002-06-01,55.33671302928703,1650.59444444444,12.68,1356.93333333333,7147.61111111111,769.422222222222,2002,6
2002-07-01,54.63436123362316,1588.2847826087,12.68,1337.8652173913,7137.69565217391,795.013043478261,2002,7
2002-08-01,52.38834401231951,1482.91666666667,12.68,1293.35714285714,6736.85714285714,748.809523809524,2002,8
2002-09-01,52.51082138240873,1478.93333333333,12.68,1301.7,6664.95238095238,756.17619047619,2002,9
2002-10-01,52.9132088497096,1486.17173913043,12.68,1311.46086956522,6818.91304347826,755.086956521739,2002,10
2002-11-01,55.2214979522273,1581.03571428571,12.68,1373.26666666667,7314.80952380952,764.566666666666,2002,11
2002-12-01,55.41085437045879,1592.96428571429,12.68,1375.8619047619,7206.33333333333,794.261904761905,2002,12
2003-01-01,57.02042770583913,1650.31136363636,13.82,1379.29090909091,8032.90909090909,782.340909090909,2003,1
2003-02-01,58.55460572860813,1682.145,13.82,1421.555,8607.95,785.665,2003,2
2003-03-01,57.48737531042287,1655.69285714286,13.82,1386.54761904762,8339.71428571429,790.328571428571,2003,3
2003-04-01,55.52533978325874,1587.8675,13.82,1334.32,7930.6,756.75,2003,4
2003-05-01,57.84375892279488,1651.1,13.82,1400.415,8347.75,776.115,2003,5
2003-06-01,58.68758095455428,1685.10714285714,13.82,1410.5380952381,8839.04761904762,790.661904761905,2003,6
2003-07-01,59.74408973007383,1712.82608695652,13.82,1440.90434782609,8831.78260869565,828.5,2003,7
2003-08-01,60.70612858215122,1756.725,13.82,1457.24,9359.9,815.2,2003,8
2003-09-01,60.74537845392164,1789.67045454545,13.82,1416.59545454545,9995.81818181818,818.940909090909,2003,9
2003-10-01,64.319041006792,1925.58260869565,13.82,1477.24782608696,11040.347826087,900.104347826087,2003,10
2003-11-01,66.90407188815378,2053.275,13.82,1511.6,12052.4,914.235,2003,11
2003-12-01,70.9307217466119,2202.03571428571,13.82,1557.77857142857,14185.2095238095,976.757142857143,2003,12
2004-01-01,75.89350294394139,2421.47619047619,16.39,1608.89285714286,15089.3333333333,1015.8880952381,2004,1
2004-02-01,80.59650280585635,2751.7175,16.39,1685.225,15099.35,1085.7875,2004,2
2004-03-01,81.38822647053279,3000.28260869565,16.39,1657.35434782609,13786.5434782609,1101.79565217391,2004,3
2004-04-01,81.33023794889121,2926.975,16.39,1731.68,12725.9,1028.9125,2004,4
2004-05-01,77.04136693783397,2728.46315789474,16.39,1625.27368421053,11228.6052631579,1030.97894736842,2004,5
2004-06-01,79.53557261976687,2689.05454545455,16.39,1682.04090909091,13599.3636363636,1018.86363636364,2004,6
2004-07-01,81.93141688363922,2816.8,16.39,1707.86818181818,15020.0681818182,988.104545454545,2004,7
2004-08-01,80.79199948387462,2844.20476190476,16.39,1692.1,13639.619047619,976.8,2004,8
2004-09-01,81.984168953944,2903.17272727273,16.39,1731.02272727273,13430.3636363636,980.027272727273,2004,9
2004-10-01,85.94121302715983,3009.40476190476,16.39,1830.36666666667,14378.4761904762,1066.95238095238,2004,10
2004-11-01,86.60132628986412,3130.30909090909,16.39,1817.35,14089.5136363636,1100.23181818182,2004,11
2004-12-01,87.42064552632525,3139.78571428571,16.39,1852.92380952381,13764.9761904762,1182.1380952381,2004,12
2005-01-01,93.1388337803488,3168.1,28.11,1836.21,14563.75,1245.55,2005,1
2005-02-01,95.75972500778413,3247.1,28.11,1882.8,15415.6,1323.105,2005,2
2005-03-01,99.75044494746837,3378.90476190476,28.11,1987.51904761905,16239.9047619048,1373.95714285714,2005,3
2005-04-01,97.71354071530872,3389.80952380952,28.11,1892.00952380952,16138.3333333333,1297.80952380952,2005,4
2005-05-01,94.98752722034348,3241.9,28.11,1741.45,17002.25,1245.535,2005,5
2005-06-01,96.41409212467316,3529.72727272727,28.11,1731.94318181818,16113.1818181818,1273.11818181818,2005,6
2005-07-01,96.28077821753544,3608.47619047619,28.11,1783.2619047619,14587.5952380952,1196.85714285714,2005,7
2005-08-01,100.13662466565084,3791.90909090909,28.11,1871.27272727273,14962.0,1300.75,2005,8
2005-09-01,99.89962662842376,3850.65909090909,28.11,1837.69318181818,14154.5454545455,1396.66363636364,2005,9
2005-10-01,102.87050027370005,4056.16666666667,28.11,1934.14285714286,12431.119047619,1483.21904761905,2005,10
2005-11-01,107.36650139857142,4278.15909090909,28.11,2056.97045454545,12235.0454545455,1610.65,2005,11
2005-12-01,115.68180502019165,4577.025,28.11,2250.9,13490.45,1819.355,2005,12
2006-01-01,124.33080894927348,4743.8619047619,33.45,2383.30238095238,14660.8095238095,2091.76666666667,2006,1
2006-02-01,128.4400385565407,4974.975,33.45,2453.375,14974.5,2219.745,2006,2
2006-03-01,130.1934860051708,5123.67391304348,33.45,2432.47826086957,14925.4782608696,2427.65652173913,2006,3
2006-04-01,148.39829440659204,6404.44444444444,33.45,2623.85833333333,18028.8888888889,3068.33888888889,2006,4
2006-05-01,169.14195579600067,8059.19047619048,33.45,2852.07142857143,21131.3333333333,3544.64285714286,2006,5
2006-06-01,153.98062101511994,7222.77272727273,33.45,2490.95454545455,20585.9090909091,3197.59090909091,2006,6
2006-07-01,163.13035063871666,7726.7380952381,33.45,2511.83333333333,26185.7142857143,3320.73809523809,2006,7
2006-08-01,165.39492665465443,7690.25,33.45,2461.55227272727,30468.8636363636,3339.96590909091,2006,8
2006-09-01,166.34476609609672,7622.64285714286,33.45,2484.38095238095,29702.619047619,3394.05952380952,2006,9
2006-10-01,173.7305463791718,7497.40909090909,33.45,2657.14772727273,32551.1363636364,3829.60227272727,2006,10
2006-11-01,174.2284304839903,7029.29545454546,33.45,2702.13636363636,31891.5909090909,4378.61363636364,2006,11
2006-12-01,177.0398489150402,6680.97368421053,33.45,2823.67105263158,34400.5263157895,4381.44736842105,2006,12
2007-01-01,170.7774645408009,5689.34090909091,36.63,2799.05909090909,36821.5909090909,3784.86363636364,2007,1
2007-02-01,174.00654808108786,5718.15,36.63,2839.05,41078.25,3321.375,2007,2
2007-03-01,183.7634291081578,6465.29545454545,36.63,2757.07954545455,46125.2272727273,3256.18181818182,2007,3
2007-04-01,201.9503004028742,7753.34210526316,36.63,2817.05263157895,49956.5789473684,3566.85526315789,2007,4
2007-05-01,205.37793474989084,7677.95238095238,36.63,2804.60476190476,51783.3333333333,3847.52380952381,2007,5
2007-06-01,197.35544723695497,7514.2380952381,36.63,2681.30952380952,41551.6666666667,3628.65476190476,2007,6
2007-07-01,196.5340351984732,7980.93181818182,36.63,2738.09090909091,33400.2272727273,3546.29545454545,2007,7
2007-08-01,179.9422791405239,7500.20454545455,36.63,2512.60227272727,27649.6363636364,3244.17045454545,2007,8
2007-09-01,174.84356364983634,7671.35,36.63,2394.9625,29548.4,2887.6,2007,9
2007-10-01,179.8591838341386,8020.58695652174,36.63,2444.53260869565,31156.0,2979.98913043478,2007,10
2007-11-01,172.77235186196577,6957.43181818182,36.63,2507.15227272727,30505.6363636364,2554.60227272727,2007,11
2007-12-01,162.56443193645777,6630.73611111111,36.63,2382.83333333333,26053.5555555556,2378.59722222222,2007,12
2008-01-01,178.40126438131264,7078.90909090909,60.8,2456.125,27774.7727272727,2364.40909090909,2008,1
2008-02-01,190.82835779966695,7941.14285714286,60.8,2784.89285714286,28064.9523809524,2458.47619047619,2008,2
2008-03-01,201.0668184085673,8434.31578947368,60.8,3012.05263157895,31093.0526315789,2511.18421052632,2008,3
2008-04-01,198.9523009347601,8714.18181818182,60.8,2968.03409090909,28776.8181818182,2278.51136363636,2008,4
2008-05-01,190.45658215248824,8356.125,60.8,2908.2775,25656.5,2178.325,2008,5
2008-06-01,186.2725261233216,8292.0,60.8,2967.86904761905,22562.5714285714,1906.17380952381,2008,6
2008-07-01,187.9625522717696,8407.02173913043,60.8,3067.45652173913,20106.9565217391,1856.44565217391,2008,7
2008-08-01,174.9903312717192,7633.8,60.8,2762.56,19111.8,1734.65,2008,8
2008-09-01,164.10163454597543,6975.11363636364,60.8,2524.14772727273,17781.8636363636,1744.52272727273,2008,9
2008-10-01,131.4801393440843,4894.89130434783,60.8,2122.02826086956,12144.8695652174,1303.00434782609,2008,10
2008-11-01,116.13889001590556,3729.1875,60.8,1857.13,10776.5,1169.3625,2008,11
2008-12-01,107.50560383561114,3105.09523809524,69.98260869565216,1504.41666666667,9846.92857142857,1112.90476190476,2008,12
2009-01-01,109.66259525986234,3260.35714285714,72.50909090909092,1420.35952380952,11562.9523809524,1202.52380952381,2009,1
2009-02-01,107.84775705154266,3328.4125,75.58999999999999,1338.0625,10410.75,1118.0025,2009,2
2009-03-01,105.5375981006254,3770.875,64.07272727272728,1338.07954545455,9710.72727272727,1223.21818181818,2009,3
2009-04-01,112.36496758326643,4436.925,59.78181818181815,1431.8125,11331.6,1388.1375,2009,4
2009-05-01,118.5482608222415,4594.90277777778,62.69047619047621,1464.41666666667,12763.3611111111,1491.89444444444,2009,5
2009-06-01,130.8933635262376,5013.29761904762,71.65909090909092,1586.33571428571,14961.9523809524,1555.46428571429,2009,6
2009-07-01,140.02479616255985,5240.82954545455,83.95217391304348,1674.33181818182,16024.5,1582.85227272727,2009,7
2009-08-01,161.3113225348376,6176.875,97.66666666666669,1927.6375,19375.925,1818.0125,2009,8
2009-09-01,151.26721199400785,6195.75,80.71363636363637,1835.59772727273,17404.6363636364,1879.14772727273,2009,9
2009-10-01,157.47238795560395,6305.98863636364,86.78636363636363,1875.66363636364,18489.4772727273,2070.84454545455,2009,10
2009-11-01,166.65129391940224,6682.44047619048,99.25714285714288,1956.54761904762,16911.3333333333,2196.54761904762,2009,11
2009-12-01,176.78207721529392,6976.97619047619,105.24782608695654,2181.25714285714,17121.6190476191,2374.0380952381,2009,12
2010-01-01,191.18396074997844,7367.394999999999,125.91428571428573,2230.1500000000005,18405.55,2414.69,2010,1
2010-02-01,183.23377275308476,6867.6900000000005,127.615,2053.29,19060.55,2158.82,2010,2
2010-03-01,198.9800918279928,7466.960869565216,139.7695652173913,2210.547826086957,22467.17391304348,2277.2913043478266,2010,3
2010-04-01,220.7799335141442,7729.854999999999,172.46818181818185,2314.3050000000003,26028.5,2367.53,2010,4
2010-05-01,198.63841736900147,6843.184210526317,161.34761904761902,2044.7315789473685,21930.0,1969.815789473684,2010,5
2010-06-01,182.8764154192469,6501.5,143.63181818181818,1929.409090909091,19411.295454545456,1746.5113636363635,2010,6
2010-07-01,179.36920905313423,6750.568181818182,126.36363636363636,1989.0454545454545,19548.522727272728,1847.0272727272727,2010,7
2010-08-01,198.020446566149,7302.666666666667,145.3409090909091,2110.440476190476,21448.785714285717,2047.4761904761904,2010,8
2010-09-01,202.23718332231587,7729.590909090909,140.62727272727273,2171.2431818181817,22690.136363636364,2150.943181818182,2010,9
2010-10-01,216.28306138738557,8289.761904761905,148.4809523809524,2342.178571428572,23793.67857142857,2373.5619047619048,2010,10
2010-11-01,222.6521564246964,8458.420454545454,160.55,2324.0454545454545,22836.227272727272,2283.2954545454545,2010,11
2010-12-01,233.5825253200984,9152.857142857143,168.52608695652177,2356.669047619048,24099.571428571428,2287.3214285714284,2010,12
2011-01-01,245.48079770235373,9533.2,179.63,2439.7,25621.225,2375.8125,2011,1
2011-02-01,256.236049098772,9880.9375,187.18000000000004,2515.26,28412.175,2473.45,2011,2
2011-03-01,244.2096358271565,9503.358695652174,169.35652173913047,2555.5,26710.34782608696,2341.478260869565,2011,3
2011-04-01,250.0841233187261,9482.75,179.26111111111115,2667.4166666666665,26332.166666666668,2371.4777777777776,2011,4
2011-05-01,239.4637230453734,8931.675,177.095,2587.2125,24164.55,2159.6,2011,5
2011-06-01,235.71055684290877,9066.852272727272,170.87727272727273,2557.7613636363635,22420.93181818182,2234.465909090909,2011,6
2011-07-01,242.2292602812781,9650.464285714286,172.97619047619045,2525.428571428572,23847.95238095238,2397.754761904762,2011,7
2011-08-01,232.8297380484724,8997.988636363636,177.45000000000005,2380.975,21864.68181818182,2199.2386363636365,2011,8
2011-09-01,224.10250581629916,8300.136363636364,177.22727272727272,2293.461363636364,20377.590909090908,2075.2204545454547,2011,9
2011-10-01,200.8990415790348,7394.190476190476,150.43333333333334,2180.647619047619,19039.04761904762,1871.4166666666667,2011,10
2011-11-01,193.27511060299616,7581.022727272727,135.5409090909091,2079.981818181818,17873.0,1935.3181818181815,2011,11
2011-12-01,192.1091522645166,7558.875,136.45499999999998,2024.375,18246.0375,1911.15,2011,12
2012-01-01,202.04053824178783,8061.916666666667,140.3476190476191,2151.333333333333,19908.61904761905,1989.2261904761904,2012,1
2012-02-01,207.1025373486574,8441.488095238095,140.39523809523808,2207.9166666666665,20393.666666666668,2057.785714285714,2012,2
2012-03-01,206.9233347363024,8470.78409090909,144.66363636363633,2184.159090909091,18660.80681818182,2035.925,2012,3
2012-04-01,203.4854533526647,8285.526315789473,147.64736842105265,2048.5052631578947,17892.815789473683,2002.684210526316,2012,4
2012-05-01,193.3370026097489,7896.909090909091,136.27272727272728,2002.5227272727277,16968.31818181818,1928.011363636364,2012,5
2012-06-01,185.68982993389264,7428.289473684211,134.62105263157895,1885.5131578947369,16603.684210526317,1855.934210526316,2012,6
2012-07-01,183.151737935442,7584.261363636364,127.93636363636364,1876.25,16128.40909090909,1847.75,2012,7
2012-08-01,172.49342933968543,7510.431818181818,107.79545454545456,1843.3272727272729,15703.988636363636,1816.3181818181815,2012,8
2012-09-01,179.91933946829693,8087.7425,99.47,2064.12,17287.9625,2009.85,2012,9
2012-10-01,183.4037225162444,8062.032608695652,113.94782608695652,1974.304347826087,17168.739130434784,1903.958695652174,2012,10
2012-11-01,182.12151841937023,7711.227272727273,120.34545454545454,1948.8295454545453,16335.363636363636,1912.3977272727277,2012,11
2012-12-01,192.74123445816,7966.486842105263,128.8736842105263,2086.7631578947367,17448.5,2040.4289473684207,2012,12
2013-01-01,202.34086127263265,8053.738636363636,150.4909090909091,2037.6068181818184,17494.06818181818,2031.409090909091,2013,1
2013-02-01,205.18572624963195,8060.925,154.63888888888889,2053.5950000000003,17690.1,2128.6875,2013,2
2013-03-01,190.6362835966181,7652.375,139.87,1911.2825,16731.7,1929.15,2013,3
2013-04-01,183.54571731349952,7221.161904761904,137.39090909090908,1861.0238095238096,15629.309523809525,1855.6,2013,4
2013-05-01,176.3975889278197,7248.714285714285,124.00952380952384,1832.571428571429,14948.22619047619,1831.0119047619048,2013,5
2013-06-01,169.66279763124442,7000.2375,114.81499999999998,1814.5375,14280.275,1839.0125,2013,6
2013-07-01,172.6646081519624,6906.641304347826,127.19130434782608,1769.608695652174,13750.315217391304,1837.6195652173917,2013,7
2013-08-01,180.79465043978863,7186.25,137.055,1816.235714285714,14308.261904761905,1896.392857142857,2013,8
2013-09-01,177.6600237215726,7159.269047619047,134.18571428571428,1761.304761904762,13801.392857142857,1846.8809523809523,2013,9
2013-10-01,178.87071617700096,7203.021739130435,132.5727272727273,1814.582608695652,14117.652173913044,1884.8369565217392,2013,10
2013-11-01,177.93076742148992,7070.6547619047615,136.3238095238095,1747.9642857142858,13684.011904761905,1866.4166666666667,2013,11
2013-12-01,179.13297456325,7214.9,135.7904761904762,1739.81,13924.55,1974.975,2013,12
2014-01-01,176.404705952858,7291.465909090909,128.11904761904762,1727.4113636363638,14101.25,2036.9318181818185,2014,1
2014-02-01,171.956074256366,7149.2125,121.37000000000003,1695.1650000000002,14203.55,2034.525,2014,2
2014-03-01,164.9856727915247,6650.035714285715,111.83333333333336,1705.3666666666666,15678.09523809524,2007.904761904762,2014,3
2014-04-01,169.4756247903736,6673.5625,114.5809523809524,1810.675,17373.6,2027.2125,2014,4
2014-05-01,164.519916512457,6891.125,100.56,1751.05,19401.075,2058.975,2014,5
2014-06-01,161.89575078188244,6821.142857142857,92.85238095238094,1838.952380952381,18628.809523809523,2128.095238095238,2014,6
2014-07-01,168.88419306407965,7113.380434782609,96.2608695652174,1948.304347826087,19117.652173913044,2310.6195652173915,2014,7
2014-08-01,168.87950911240532,7001.8375,94.14285714285714,2030.4925,18600.2,2326.9875,2014,8
2014-09-01,162.4719818663775,6872.215909090909,84.52272727272727,1990.4318181818185,18034.795454545456,2294.590909090909,2014,9
2014-10-01,157.39351947987487,6737.478260869565,81.30434782608695,1946.1891304347823,15812.369565217392,2276.826086956521,2014,10
2014-11-01,156.99812895600488,6712.85,74.425,2055.555,15807.05,2253.225,2014,11
2014-12-01,148.6392566572485,6446.452380952381,68.67391304347827,1909.459523809524,15962.047619047618,2175.7619047619046,2014,12
2015-01-01,141.06964643351156,5830.535714285715,69.06818181818181,1814.719047619048,14849.190476190475,2113.0476190476197,2015,1
2015-02-01,137.7830884752433,5729.275,63.8,1817.82,14573.8375,2097.7625,2015,2
2015-03-01,135.15082413348168,5939.670454545455,58.18181818181818,1773.8636363636365,13755.5,2028.7272727272727,2015,3
2015-04-01,134.22213800037855,6042.0875,52.11363636363637,1819.1875,12830.925,2212.725,2015,4
2015-05-01,139.65953576074034,6294.776315789473,60.42857142857143,1804.0394736842104,13511.342105263158,2281.8026315789475,2015,5
2015-06-01,132.97200338856737,5833.011363636364,61.84090909090909,1687.7272727272727,12825.227272727272,2082.090909090909,2015,6
2015-07-01,123.5434864940114,5456.75,52.17391304347826,1639.5,11413.097826086956,2000.684782608696,2015,7
2015-08-01,120.0649664607638,5127.3,57.333333333333336,1548.125,10386.0,1807.6375,2015,8
2015-09-01,120.82019450337783,5217.25,56.97727272727273,1589.6022727272727,9937.545454545454,1720.2272727272727,2015,9
2015-10-01,118.37472269421671,5216.090909090909,53.65909090909091,1516.4886363636365,10316.829545454546,1724.340909090909,2015,10
2015-11-01,109.60138004566002,4799.9047619047615,47.19047619047619,1467.892857142857,9244.333333333334,1583.309523809524,2015,11
2015-12-01,105.62283679447552,4638.833333333333,40.88260869565217,1497.202380952381,8707.785714285714,1527.7857142857142,2015,12
2016-01-01,104.12526010744024,4471.7875,42.204761904761895,1481.1,8507.2875,1520.3625,2016,1
2016-02-01,109.02879789817187,4598.619047619048,46.48571428571427,1531.2619047619048,8298.5,1709.845238095238,2016,2
2016-03-01,116.42033396482242,4953.797619047619,56.53913043478259,1531.0119047619048,8717.25,1801.690476190476,2016,3
2016-04-01,118.44795890973715,4872.738095238095,60.966666666666654,1571.2261904761904,8878.857142857143,1855.373809523809,2016,4
2016-05-01,114.32471059319175,4694.5375,55.88636363636363,1550.625,8660.35,1869.025,2016,5
2016-06-01,114.0019300327092,4641.965909090909,52.34090909090909,1593.5068181818183,8928.352272727272,2026.1931818181815,2016,6
2016-07-01,120.33507484960396,4864.9047619047615,57.30952380952381,1629.047619047619,10262.857142857143,2183.25,2016,7
2016-08-01,121.8604276226839,4751.670454545455,60.869565217391305,1639.284090909091,10335.988636363636,2279.1363636363635,2016,8
2016-09-01,119.53827422959309,4722.204545454545,57.65909090909091,1592.3636363636365,10191.78409090909,2292.306818181818,2016,9
2016-10-01,121.42253077853223,4731.261904761905,58.95238095238095,1665.904761904762,10259.738095238095,2311.5,2016,10
2016-11-01,136.53475123347653,5450.931818181818,74.13636363636364,1737.1136363636365,11128.90909090909,2566.204545454545,2016,11
2016-12-01,140.72334227945396,5660.35,79.43181818181819,1727.7375,10972.275,2664.8125,2016,12
2017-01-01,143.2149423442049,5754.559523809524,80.81818181818181,1791.2380952380952,9971.464285714286,2714.7976190476197,2017,1
2017-02-01,150.849718334618,5940.9125,88.8,1860.75,10643.3,2845.55,2017,2
2017-03-01,149.4169452762181,5824.630434782609,87.19565217391305,1901.467391304348,10204.66304347826,2776.8804347826085,2017,3
2017-04-01,139.8649042179007,5683.902777777777,70.4,1921.2222222222224,9609.277777777776,2614.9166666666665,2017,4
2017-05-01,134.37145922612555,5599.559523809524,61.630434782608695,1913.0238095238096,9155.119047619048,2590.214285714286,2017,5
2017-06-01,132.40358089990767,5719.761363636364,57.86363636363637,1885.286363636364,8931.761363636364,2573.3977272727275,2017,6
