ano,commodity_id,preco_medio,preco_minimo,preco_maximo,desvio_padrao
1980,1,2148.101596697997,1878.33650911865,2916.71199088135,275.8528749241307
1980,2,12.15,12.15,12.15,0.0
1980,3,1749.4630903764228,1430.65673828125,2131.00854492188,206.38112585334963
1980,4,6512.658380681818,6000.76953125,6978.927734375,272.37252204045086
1980,5,759.7922585227273,676.818359375,868.620361328125,57.5002297355846
1981,1,1742.7521212132776,1651.26024544067,1876.13175455933,76.50038606365908
1981,2,12.15,12.15,12.15,0.0
1981,3,1262.7302856445342,1081.84643554688,1452.38110351563,132.36443659690588
1981,4,5953.0947265625,5100.24609375,6403.7734375,475.1554174801777
1981,5,845.8391723632812,731.933837890625,954.600341796875,67.253768220458
1982,1,1481.6883162835431,1309.54431363983,1613.78210911865,81.37550729822142
1982,2,14.050000000000002,14.05,14.05,0.0
1982,3,991.5679117838554,918.849365234375,1113.25854492188,57.736632611381054
1982,4,4837.495869954428,3433.65747070313,5716.759765625,819.7146395107552
1982,5,744.7941487630209,670.20458984375,824.52783203125,47.922693606986236
1983,1,1592.4704909067793,1388.9106,1765.90075455933,122.78159680234258
1983,2,12.54,12.54,12.54,0.0
1983,3,1438.4355468750034,1076.53076171875,1613.72875976563,164.8609468684561
1983,4,4672.753499348958,3796.9599609375,5031.533203125,343.51819829611406
1983,5,764.4519653320312,679.02294921875,859.8017578125,74.08623695180455
1984,1,1376.9689013250356,1272.06575681992,1532.2109,79.69663822038459
1984,2,11.31,11.31,11.31,0.0
1984,3,1251.6112263997425,1012.169921875,1548.90625,182.39640985278353
1984,4,4752.237467447917,4639.912109375,4911.40625,83.01140668379435
1984,5,921.8986002604166,833.346435546875,1040.58056640625,75.89921150620194
1985,1,1417.2399356028234,1358.04588636017,1530.00614544067,56.46021622595222
1985,2,11.49,11.49,11.49,0.0
1985,3,1040.7276000976574,950.191162109375,1108.923828125,55.47504833145078
1985,4,4899.033304850261,4034.45458984375,5604.14453125,554.3053383470129
1985,5,783.3749593098959,597.451904296875,930.349609375,115.3294072522004
1986,1,1369.8038624968224,1302.93038636017,1444.0261,56.14667029314767
1986,2,11.36,11.36,11.36,0.0
1986,3,1149.7093098958376,1115.53784179688,1205.92724609375,28.905668848803685
1986,4,3888.7659708658884,3562.666015625,4135.8671875,203.48287235324938
1986,5,753.9800618489584,608.47509765625,886.25732421875,98.83533178867695
1987,1,1781.1491715836848,1344.8182,2866.006,468.95978322160136
1987,2,10.94,10.94,10.94,0.0
1987,3,1565.0964965820333,1170.6533203125,1962.11181640625,246.99695862501338
1987,4,4872.210021972657,3525.1875,7661.0546875,1194.2696656699832
1987,5,798.0724283854166,731.933837890625,877.438720703125,51.42012491631788
1988,1,2599.7981462132775,2200.21049088135,3496.52745455933,427.61688797289924
1988,2,10.51,10.51,10.51,0.0
1988,3,2546.5198160807317,2001.794921875,3578.09814453125,411.83386005071094
1988,4,13778.139973958334,8073.318359375,18011.74609375,3202.3193118482363
1988,5,1240.282430013023,875.234130859375,1591.73559570313,251.30636720814886
1989,1,2847.2116363658893,2418.46840911865,3392.91004544067,314.14253867995535
1989,2,12.03,12.03,12.03,0.0
1989,3,1950.7142333984384,1633.0,2398.62646484375,247.3674591509987
1989,4,13313.039388020834,8809.0,18582.474609375,3216.7215877057915
1989,5,1656.2196451822927,1435.0,1959.9072265625,162.99398015488424
1990,1,2661.34380189654,2358.9434,3040.17084544067,208.68083235268872
1990,2,14.050000000000002,14.05,14.05,0.0
1990,3,1639.5,1454.0,2067.0,190.45519635384542
1990,4,8864.0,6977.0,10957.0,1220.3530785652308
1990,5,1517.9166666666667,1265.0,1775.0,189.08942489219385
1991,1,2338.502282512283,2205.91849749756,2471.37932275848,96.59764702325499
1991,2,15.03,15.03,15.03,0.0
1991,3,1304.02010091146,1099.5263671875,1515.0,145.73523128662228
1991,4,8163.220052083333,7140.263671875,9023.0,626.0501475285981
1991,5,1121.3602091471375,991.64990234375,1254.0,83.90176544891342
1992,1,2284.8122283241282,2150.57962901611,2527.28502240143,130.10564710260658
1992,2,14.31,14.31,14.31,0.0
1992,3,1256.2749938964876,1162.21435546875,1317.125,57.11008452765039
1992,4,7015.479573567708,5593.71484375,7888.0,734.0867381659439
1992,5,1241.83411661784,1052.23803710938,1385.4091796875,125.81920383525615
1993,1,1914.9560728401184,1632.56810484467,2264.21397077332,208.37826290253383
1993,2,12.58,12.58,12.58,0.0
1993,3,1139.9307759602875,1040.02270507813,1208.09997558594,53.2051909273468
1993,4,5308.1669921875,4376.04541015625,6050.75,645.5019007034567
1993,5,963.9644012451176,875.727294921875,1073.625,64.2356279979858
1994,1,2305.531505168914,1807.07136699066,2980.69999645081,385.88043244084037
1994,2,11.449999999999998,11.45,11.45,0.0
1994,3,1475.6296895345067,1170.0,1885.88635253906,238.82995278719375
1994,4,6331.9324951171875,5400.26318359375,8540.650390625,898.4005587126903
1994,5,998.2231750488289,924.342102050781,1150.27270507813,71.74564735951923
1995,1,2932.0364339249923,2771.57125569763,3076.4500581665,90.34175324389629
1995,2,12.270000000000001,12.27,12.27,0.0
1995,3,1805.0204874674491,1655.92858886719,2059.35717773438,118.23455623211127
1995,4,8223.560302734375,7262.380859375,9596.1904296875,670.2574046569041
1995,5,1031.0873718261744,980.431823730469,1154.8095703125,44.34194721102045
1996,1,2293.38637662099,1935.07143060913,2658.76193080902,284.20435868732216
1996,2,12.97,12.97,12.97,0.0
1996,3,1506.7939147949235,1336.02172851563,1614.85717773438,88.54258267166192
1996,4,7504.0937093098955,6571.0478515625,8198.5,545.2383183131711
1996,5,1024.9750925699893,998.976196289063,1063.25,21.13670800253902
1997,1,2275.187129640071,1761.45239143524,2611.28570015411,260.3792285888184
1997,2,13.04,13.04,13.04,0.0
1997,3,1599.2944437662775,1530.52380371094,1710.02502441406,45.063389693762225
1997,4,6924.7204996744795,5942.380859375,7893.21044921875,617.6187784770975
1997,5,1314.8982340494802,1086.13635253906,1650.625,192.5530092897801
1998,1,1653.7074871190373,1475.76309447174,1800.12507817535,86.03246602359299
1998,2,13.410000000000002,13.41,13.41,0.0
1998,3,1357.571695963544,1250.39477539063,1485.47497558594,76.00804340153189
1998,4,4623.5865478515625,3865.76318359375,5489.0,655.3950729493216
1998,5,1024.2848002115902,941.363647460938,1096.25,50.453043093334664
1999,1,1572.5251072151102,1378.47727272727,1764.88235294118,149.55227313403662
1999,2,11.93,11.93,11.93,0.0
1999,3,1359.9888089169083,1179.86363636364,1554.73529411765,127.54672403776766
1999,4,6002.506032237457,4264.0,8073.23529411765,1313.288691074146
1999,5,1075.7998344513242,931.75,1192.93181818182,82.86205198783047
2000,1,1814.5239733907408,1681.9075,1961.89285714286,74.27432454168294
2000,2,12.449999999999998,12.45,12.45,0.0
2000,3,1551.4977867965365,1458.745,1679.85,75.53850769684433
2000,4,8630.517694020959,7318.8,10255.4,1047.0222122027174
2000,5,1127.697763739884,1058.68181818182,1221.67142857143,48.77867107663527
2001,1,1580.1689744277726,1377.37608695652,1787.05681818182,146.41904753263552
2001,2,12.99,12.99,12.99,0.0
2001,3,1446.74656952702,1283.53043478261,1619.87727272727,111.60050934108253
2001,4,5969.63064017658,4830.78260869565,7086.47619047619,782.7012644894038
2001,5,886.8194691003323,757.970588235294,1032.7,104.48321852851414
2002,1,1560.2901995629165,1478.93333333333,1650.59444444444,56.901124132107846
2002,2,12.68,12.68,12.68,0.0
2002,3,1351.0572298293484,1293.35714285714,1404.985,34.09799940367908
2002,4,6783.306430505886,6039.95,7314.80952380952,415.4812736264896
2002,5,778.9019294131793,748.809523809524,819.995,22.69910196610568
2003,1,1779.361560676641,1587.8675,2202.03571428571,186.72101781921617
2003,2,13.82,13.82,13.82,0.0
2003,3,1432.8360686053084,1334.32,1557.77857142857,61.12721823692801
2003,4,9630.285761340112,7930.6,14185.2095238095,1903.7956685310376
2003,5,827.9665654212937,756.75,976.757142857143,67.06118907681406
2004,1,2863.470504899848,2421.47619047619,3139.78571428571,202.75854337242228
2004,2,16.39,16.39,16.39,0.0
2004,3,1718.5081819626485,1608.89285714286,1852.92380952381,78.84156348856925
2004,4,13821.009382852708,11228.6052631579,15099.35,1096.365518151015
2004,5,1048.040036974849,976.8,1182.1380952381,61.21020444666384
2005,1,3676.4947240259735,3168.1,4577.025,446.13412872664816
2005,2,28.11,28.11,28.11,0.0
2005,3,1900.514406565656,1731.94318181818,2250.9,145.45786760749283
2005,4,14777.814592352091,12235.0454545455,17002.25,1515.4107106580734
2005,5,1380.5474729437226,1196.85714285714,1819.355,179.54299366166572
2006,1,6731.352303979922,4743.8619047619,8059.19047619048,1172.1756680466306
2006,2,33.45,33.45,33.45,0.0
2006,3,2573.06347093029,2383.30238095238,2852.07142857143,156.0445264895622
2006,4,24125.61413800201,14660.8095238095,34400.5263157895,7562.410963887789
2006,5,3266.1806374315784,2091.76666666667,4381.44736842105,746.0398670983191
2007,1,7131.630016211754,5689.34090909091,8020.58695652174,829.7563123247693
2007,2,36.63,36.63,36.63,0.0
2007,3,2639.860787519275,2382.83333333333,2839.05,177.52413945138628
2007,4,37135.84189039519,26053.5555555556,51783.3333333333,8836.482170885069
2007,5,3249.725735300591,2378.59722222222,3847.52380952381,469.7201886313223
2008,1,6963.481997803716,3105.09523809524,8714.18181818182,1955.4586984356831
2008,2,61.565217391304344,60.8,69.98260869565216,2.6507908011488874
2008,3,2577.9158586498365,1504.41666666667,3067.45652173913,505.9592662639286
2008,4,21141.465470411855,9846.92857142857,31093.0526315789,7410.604804066674
2008,5,1884.8308045207716,1112.90476190476,2511.18421052632,493.80662237355864
2009,1,5165.302490680617,3260.35714285714,6976.97619047619,1307.4000645580363
2009,2,79.99391774891775,59.78181818181815,105.24782608695654,15.044750572790615
2009,3,1669.175157828283,1338.0625,2181.25714285714,280.9517571970999
2009,4,14672.402846921606,9710.72727272727,19375.925,3362.0306211611214
2009,5,1658.390290103416,1118.0025,2374.0380952381,410.36146678849497
2010,1,7538.370861652649,6501.5,9152.857142857143,786.8000283650284
2010,2,146.71961062488236,125.91428571428573,172.46818181818185,16.11306732880291
2010,3,2173.004640174217,1929.409090909091,2356.669047619048,146.9970191680099
2010,4,21809.999287125916,18405.55,26028.5,2323.696390232771
2010,5,2160.356990863192,1746.5113636363635,2414.69,216.70097970028704
2011,1,8823.454246463078,7394.190476190476,9880.9375,892.5839042690607
2011,2,167.790217600435,135.5409090909091,187.18000000000004,17.264589648999724
2011,3,2400.64332521645,2024.375,2667.4166666666665,210.9612384384405
2011,4,22909.14221151735,17873.0,28412.175,3517.299347448683
2011,5,2195.5319290864127,1871.4166666666667,2473.45,207.54439044096856
2012,1,7958.924678211916,7428.289473684211,8470.78409090909,347.4214175186984
2012,2,128.52636873805065,99.47,147.64736842105265,15.248727698707325
2012,3,2022.795380261424,1843.3272727272729,2207.9166666666665,122.12318896209241
2012,4,17541.739475696406,15703.988636363636,20393.666666666668,1457.3429360880657
2012,5,1950.0225201302003,1816.3181818181815,2057.785714285714,83.26632700097397
2013,1,7331.490764986825,6906.641304347826,8060.925,383.14743106183766
2013,2,135.36118854173202,114.81499999999998,154.63888888888889,10.685068871363434
2013,3,1846.6769268774704,1739.81,2053.5950000000003,104.98064342207638
2013,4,15029.988579506242,13684.011904761905,17690.1,1492.5740451615034
2013,5,1910.1660828000502,1831.0119047619048,2128.6875,92.11209476905626
2014,1,6863.396580517911,6446.452380952381,7291.465909090909,241.8011819398122
2014,2,97.38711909467345,68.67391304347827,128.11904761904762,18.689401315397195
2014,3,1867.4210609589684,1695.1650000000002,2055.555,129.59424947261132
2014,4,16893.37454788569,14101.25,19401.075,1868.8470047850442
2014,5,2160.971273684045,2007.904761904762,2326.9875,125.82142571107292
2015,1,5510.4571127155,4638.833333333333,6294.776315789473,515.5149899378432
2015,2,56.137484315201704,40.88260869565217,69.06818181818181,7.5917301640432155
2015,3,1664.6806731316929,1467.892857142857,1819.1875,138.2684567282449
2015,4,11862.634518990575,8707.785714285714,14849.190476190475,2126.073451473571
2015,5,1931.678469580572,1527.7857142857142,2281.8026315789475,249.80609078685362
2016,1,4867.89742965368,4471.7875,5660.35,348.9254203463476
2016,2,58.56519072714724,42.204761904761895,79.43181818181819,10.247405557542262
2016,3,1604.181921897547,1481.1,1737.1136363636365,78.98526293349177
2016,4,9595.179080988457,8298.5,11128.90909090909,1022.8398368640904
2016,5,2089.975036075036,1520.3625,2664.8125,350.5471324651762
2017,1,5753.887687302634,5599.559523809524,5940.9125,118.20570529811656
2017,2,74.45131752305666,57.86363636363637,88.8,13.151266780300885
2017,3,1878.8313136541399,1791.2380952380952,1921.2222222222224,47.99933624671167
2017,4,9752.597586370955,8931.761363636364,10643.3,647.5970777564057
2017,5,2685.959455580651,2573.3977272727275,2845.55,110.86186367578108
