data_referencia,ano,mes,commodity_id,preco_usd_ton
1980-02-01,1980,2,1,2916.71199088135
1980-03-01,1980,3,1,2303.8279
1980-04-01,1980,4,1,2074.54755455933
1980-05-01,1980,5,1,2076.75230911865
1980-06-01,1980,6,1,2006.2042
1980-07-01,1980,7,1,2175.96020911865
1980-08-01,1980,8,1,2081.16114544067
1980-09-01,1980,9,1,2059.11494544067
1980-10-01,1980,10,1,2045.88709088135
1980-11-01,1980,11,1,2010.61370911865
1980-12-01,1980,12,1,1878.33650911865
1981-01-01,1981,1,1,1876.13175455933
1981-02-01,1981,2,1,1803.37889088135
1981-03-01,1981,3,1,1816.60674544067
1981-04-01,1981,4,1,1823.22100911865
1981-05-01,1981,5,1,1746.05930911865
1981-06-01,1981,6,1,1699.76215455933
1981-07-01,1981,7,1,1682.12479088135
1981-08-01,1981,8,1,1787.94695455933
1981-09-01,1981,9,1,1706.37574544067
1981-10-01,1981,10,1,1664.4881
1981-11-01,1981,11,1,1651.26024544067
1981-12-01,1981,12,1,1655.66975455933
1982-01-01,1982,1,1,1613.78210911865
1982-02-01,1982,2,1,1596.14474544067
1982-03-01,1982,3,1,1512.36945455933
1982-04-01,1982,4,1,1521.1878
1982-05-01,1982,5,1,1530.00614544067
1982-06-01,1982,6,1,1309.54431363983
1982-07-01,1982,7,1,1439.61659088135
1982-08-01,1982,8,1,1450.63969088135
1982-09-01,1982,9,1,1424.18465455933
1982-10-01,1982,10,1,1463.86754544067
1982-11-01,1982,11,1,1444.0261
1982-12-01,1982,12,1,1474.89064544067
1983-01-01,1983,1,1,1574.09854544067
1983-02-01,1983,2,1,1649.05549088135
1983-03-01,1983,3,1,1598.3495
1983-04-01,1983,4,1,1675.5112
1983-05-01,1983,5,1,1765.90075455933
1983-06-01,1983,6,1,1701.96690911865
1983-07-01,1983,7,1,1704.17099088135
1983-08-01,1983,8,1,1640.23714544067
1983-09-01,1983,9,1,1560.87069088135
1983-10-01,1983,10,1,1435.20775455933
1983-11-01,1983,11,1,1388.9106
1983-12-01,1983,12,1,1415.36630911865
1984-01-01,1984,1,1,1375.68291363983
1984-02-01,1984,2,1,1428.59349088135
1984-03-01,1984,3,1,1501.34635455933
1984-04-01,1984,4,1,1532.2109
1984-05-01,1984,5,1,1419.77514544067
1984-06-01,1984,6,1,1364.65981363983
1984-07-01,1984,7,1,1331.59051363983
1984-08-01,1984,8,1,1338.20435681992
1984-09-01,1984,9,1,1294.11195681992
1984-10-01,1984,10,1,1272.06575681992
1984-11-01,1984,11,1,1344.8182
1984-12-01,1984,12,1,1320.56741363983
1985-01-01,1985,1,1,1358.04588636017
1985-02-01,1985,2,1,1388.9106
1985-03-01,1985,3,1,1389.35153409195
1985-04-01,1985,4,1,1501.34635455933
1985-05-01,1985,5,1,1530.00614544067
1985-06-01,1985,6,1,1433.003
1985-07-01,1985,7,1,1474.89064544067
1985-08-01,1985,8,1,1419.77514544067
1985-09-01,1985,9,1,1366.8644
1985-10-01,1985,10,1,1384.50134318008
1985-11-01,1985,11,1,1369.06898636017
1985-12-01,1985,12,1,1391.11518636017
1986-01-01,1986,1,1,1417.57039088135
1986-02-01,1986,2,1,1404.34295681992
1986-03-01,1986,3,1,1444.0261
1986-04-01,1986,4,1,1433.003
1986-05-01,1986,5,1,1417.57039088135
1986-06-01,1986,6,1,1413.16155455933
1986-07-01,1986,7,1,1344.8182
1986-08-01,1986,8,1,1302.93038636017
1986-09-01,1986,9,1,1309.54431363983
1986-10-01,1986,10,1,1316.15815681992
1986-11-01,1986,11,1,1302.93038636017
1986-12-01,1986,12,1,1331.59051363983
1987-01-01,1987,1,1,1344.8182
1987-02-01,1987,2,1,1380.09208636017
1987-03-01,1987,3,1,1463.86754544067
1987-04-01,1987,4,1,1483.70899088135
1987-05-01,1987,5,1,1518.98304544067
1987-06-01,1987,6,1,1571.89379088135
1987-07-01,1987,7,1,1693.14789088135
1987-08-01,1987,8,1,1754.87765455933
1987-09-01,1987,9,1,1809.99315455933
1987-10-01,1987,10,1,1966.52130911865
1987-11-01,1987,11,1,2519.88039088135
1987-12-01,1987,12,1,2866.006
1988-01-01,1988,1,1,2660.97660911865
1988-02-01,1988,2,1,2328.07902275848
1988-03-01,1988,3,1,2358.9434
1988-04-01,1988,4,1,2283.98662275848
1988-05-01,1988,5,1,2442.71869088135
1988-06-01,1988,6,1,2539.72250911865
1988-07-01,1988,7,1,2213.43817724152
1988-08-01,1988,8,1,2200.21049088135
1988-09-01,1988,9,1,2433.90017724152
1988-10-01,1988,10,1,2936.55410911865
1988-11-01,1988,11,1,3302.52049088135
1988-12-01,1988,12,1,3496.52745455933
1989-01-01,1989,1,1,3392.91004544067
1989-02-01,1989,2,1,3095.28634544067
1989-03-01,1989,3,1,3262.8376
1989-04-01,1989,4,1,3117.33254544067
1989-05-01,1989,5,1,2738.13830911865
1989-06-01,1989,6,1,2544.13117724152
1989-07-01,1989,7,1,2503.78709547119
1989-08-01,1989,8,1,2760.18450911865
1989-09-01,1989,9,1,2883.64269088135
1989-10-01,1989,10,1,2859.39240911865
1989-11-01,1989,11,1,2590.4285
1989-12-01,1989,12,1,2418.46840911865
1990-01-01,1990,1,1,2365.55699088135
1990-02-01,1990,2,1,2358.9434
1990-03-01,1990,3,1,2625.70272275848
1990-04-01,1990,4,1,2685.22689088135
1990-05-01,1990,5,1,2740.34239088135
1990-06-01,1990,6,1,2583.81490911865
1990-07-01,1990,7,1,2769.00302275848
1990-08-01,1990,8,1,2956.39555455933
1990-09-01,1990,9,1,3040.17084544067
1990-10-01,1990,10,1,2742.54697724152
1990-11-01,1990,11,1,2583.81490911865
1990-12-01,1990,12,1,2484.60700911865
1991-01-01,1991,1,1,2447.1282
1991-02-01,1991,2,1,2447.1282
1991-03-01,1991,3,1,2409.64939088135
1991-04-01,1991,4,1,2471.37932275848
1991-05-01,1991,5,1,2340.4246727356
1991-06-01,1991,6,1,2218.06802725677
1991-07-01,1991,7,1,2231.25534581909
1991-08-01,1991,8,1,2236.18677692413
1991-09-01,1991,9,1,2318.58300291138
1991-10-01,1991,10,1,2360.64557547607
1991-11-01,1991,11,1,2375.66037788696
1991-12-01,1991,12,1,2205.91849749756
1992-01-01,1992,1,1,2150.57962901611
1992-02-01,1992,2,1,2208.89225860596
1992-03-01,1992,3,1,2231.78550956421
1992-04-01,1992,4,1,2214.16681599274
1992-05-01,1992,5,1,2219.31505581207
1992-06-01,1992,6,1,2296.44193858643
1992-07-01,1992,7,1,2527.28502240143
1992-08-01,1992,8,1,2513.46998458252
1992-09-01,1992,9,1,2419.61418178101
1992-10-01,1992,10,1,2262.45696237183
1992-11-01,1992,11,1,2161.78909368286
1992-12-01,1992,12,1,2211.95028749237
1993-01-01,1993,1,1,2264.21397077332
1993-02-01,1993,2,1,2212.18139313507
1993-03-01,1993,3,1,2152.38020099945
1993-04-01,1993,4,1,1953.62060192108
1993-05-01,1993,5,1,1799.35169844818
1993-06-01,1993,6,1,1857.87070840454
1993-07-01,1993,7,1,1927.33981992645
1993-08-01,1993,8,1,1951.07137548676
1993-09-01,1993,9,1,1858.24999750519
1993-10-01,1993,10,1,1646.99992897491
1993-11-01,1993,11,1,1632.56810484467
1993-12-01,1993,12,1,1723.6250736618
1994-01-01,1994,1,1,1807.07136699066
1994-02-01,1994,2,1,1865.07501472778
1994-03-01,1994,3,1,1913.17391866455
1994-04-01,1994,4,1,1881.36846713562
1994-05-01,1994,5,1,2144.50007046051
1994-06-01,1994,6,1,2363.09102303009
1994-07-01,1994,7,1,2447.23803404999
1994-08-01,1994,8,1,2409.74997397766
1994-09-01,1994,9,1,2504.84103139343
1994-10-01,1994,10,1,2546.02375416412
1994-11-01,1994,11,1,2803.54541098175
1994-12-01,1994,12,1,2980.69999645081
1995-01-01,1995,1,1,3003.26189506836
1995-02-01,1995,2,1,2870.45015814514
1995-03-01,1995,3,1,2919.67397804871
1995-04-01,1995,4,1,2894.88882296448
1995-05-01,1995,5,1,2771.57125569763
1995-06-01,1995,6,1,2987.68194348755
1995-07-01,1995,7,1,3076.4500581665
1995-08-01,1995,8,1,3040.13619641418
1995-09-01,1995,9,1,2910.42504276428
1995-10-01,1995,10,1,2810.06817431793
1995-11-01,1995,11,1,2981.61903664856
1995-12-01,1995,12,1,2918.21064537659
1996-01-01,1996,1,1,2604.99992943115
1996-02-01,1996,2,1,2544.66672335968
1996-03-01,1996,3,1,2563.34994940033
1996-04-01,1996,4,1,2594.17496803894
1996-05-01,1996,5,1,2658.76193080902
1996-06-01,1996,6,1,2177.59998270721
1996-07-01,1996,7,1,1983.93479971771
1996-08-01,1996,8,1,2017.85720584564
1996-09-01,1996,9,1,1935.07143060913
1996-10-01,1996,10,1,1960.19567519531
1996-11-01,1996,11,1,2215.42864607391
1996-12-01,1996,12,1,2264.59527826385
1997-01-01,1997,1,1,2427.27279402924
1997-02-01,1997,2,1,2406.63156159363
1997-03-01,1997,3,1,2420.1842087265
1997-04-01,1997,4,1,2389.31814949341
1997-05-01,1997,5,1,2513.29993523407
1997-06-01,1997,6,1,2611.28570015411
1997-07-01,1997,7,1,2449.19570404663
1997-08-01,1997,8,1,2250.10004305115
1997-09-01,1997,9,1,2104.30955452118
1997-10-01,1997,10,1,2050.6955684021
1997-11-01,1997,11,1,1918.49994499359
1997-12-01,1997,12,1,1761.45239143524
1998-01-01,1998,1,1,1687.60000986328
1998-02-01,1998,2,1,1663.99998604431
1998-03-01,1998,3,1,1747.15916341095
1998-04-01,1998,4,1,1800.12507817535
1998-05-01,1998,5,1,1731.65792903595
1998-06-01,1998,6,1,1656.59518632507
1998-07-01,1998,7,1,1655.66672697449
1998-08-01,1998,8,1,1619.92507875671
1998-09-01,1998,9,1,1646.77269191284
1998-10-01,1998,10,1,1585.49992534637
1998-11-01,1998,11,1,1573.72497511139
1998-12-01,1998,12,1,1475.76309447174
1999-01-01,1999,1,1,1432.00002842255
1999-02-01,1999,2,1,1412.95
1999-03-01,1999,3,1,1378.47727272727
1999-04-01,1999,4,1,1463.725
1999-05-01,1999,5,1,1510.44736842105
1999-06-01,1999,6,1,1422.15909090909
1999-07-01,1999,7,1,1639.18181818182
1999-08-01,1999,8,1,1646.7380952381
1999-09-01,1999,9,1,1749.68181818182
1999-10-01,1999,10,1,1723.28571428571
1999-11-01,1999,11,1,1726.77272727273
1999-12-01,1999,12,1,1764.88235294118
2000-01-01,2000,1,1,1843.85
2000-02-01,2000,2,1,1807.025
2000-03-01,2000,3,1,1739.8
2000-04-01,2000,4,1,1681.9075
2000-05-01,2000,5,1,1785.09782608696
2000-06-01,2000,6,1,1752.07272727273
2000-07-01,2000,7,1,1803.14285714286
2000-08-01,2000,8,1,1857.12391304348
2000-09-01,2000,9,1,1961.89285714286
2000-10-01,2000,10,1,1894.37272727273
2000-11-01,2000,11,1,1795.60227272727
2000-12-01,2000,12,1,1852.4
2001-01-01,2001,1,1,1787.05681818182
2001-02-01,2001,2,1,1766.125
2001-03-01,2001,3,1,1742.15909090909
2001-04-01,2001,4,1,1665.97222222222
2001-05-01,2001,5,1,1684.85
2001-06-01,2001,6,1,1610.46904761905
2001-07-01,2001,7,1,1526.77045454545
2001-08-01,2001,8,1,1466.41136363636
2001-09-01,2001,9,1,1427.69736842105
2001-10-01,2001,10,1,1377.37608695652
2001-11-01,2001,11,1,1434.29318181818
2001-12-01,2001,12,1,1472.84705882353
2002-01-01,2002,1,1,1508.22727272727
2002-02-01,2002,2,1,1561.3675
2002-03-01,2002,3,1,1607.3925
2002-04-01,2002,4,1,1588.57142857143
2002-05-01,2002,5,1,1597.02272727273
2002-06-01,2002,6,1,1650.59444444444
2002-07-01,2002,7,1,1588.2847826087
2002-08-01,2002,8,1,1482.91666666667
2002-09-01,2002,9,1,1478.93333333333
2002-10-01,2002,10,1,1486.17173913043
2002-11-01,2002,11,1,1581.03571428571
2002-12-01,2002,12,1,1592.96428571429
2003-01-01,2003,1,1,1650.31136363636
2003-02-01,2003,2,1,1682.145
2003-03-01,2003,3,1,1655.69285714286
2003-04-01,2003,4,1,1587.8675
2003-05-01,2003,5,1,1651.1
2003-06-01,2003,6,1,1685.10714285714
2003-07-01,2003,7,1,1712.82608695652
2003-08-01,2003,8,1,1756.725
2003-09-01,2003,9,1,1789.67045454545
2003-10-01,2003,10,1,1925.58260869565
2003-11-01,2003,11,1,2053.275
2003-12-01,2003,12,1,2202.03571428571
2004-01-01,2004,1,1,2421.47619047619
2004-02-01,2004,2,1,2751.7175
2004-03-01,2004,3,1,3000.28260869565
2004-04-01,2004,4,1,2926.975
2004-05-01,2004,5,1,2728.46315789474
2004-06-01,2004,6,1,2689.05454545455
2004-07-01,2004,7,1,2816.8
2004-08-01,2004,8,1,2844.20476190476
2004-09-01,2004,9,1,2903.17272727273
2004-10-01,2004,10,1,3009.40476190476
2004-11-01,2004,11,1,3130.30909090909
2004-12-01,2004,12,1,3139.78571428571
2005-01-01,2005,1,1,3168.1
2005-02-01,2005,2,1,3247.1
2005-03-01,2005,3,1,3378.90476190476
2005-04-01,2005,4,1,3389.80952380952
2005-05-01,2005,5,1,3241.9
2005-06-01,2005,6,1,3529.72727272727
2005-07-01,2005,7,1,3608.47619047619
2005-08-01,2005,8,1,3791.90909090909
2005-09-01,2005,9,1,3850.65909090909
2005-10-01,2005,10,1,4056.16666666667
2005-11-01,2005,11,1,4278.15909090909
2005-12-01,2005,12,1,4577.025
2006-01-01,2006,1,1,4743.8619047619
2006-02-01,2006,2,1,4974.975
2006-03-01,2006,3,1,5123.67391304348
2006-04-01,2006,4,1,6404.44444444444
2006-05-01,2006,5,1,8059.19047619048
2006-06-01,2006,6,1,7222.77272727273
2006-07-01,2006,7,1,7726.7380952381
2006-08-01,2006,8,1,7690.25
2006-09-01,2006,9,1,7622.64285714286
2006-10-01,2006,10,1,7497.40909090909
2006-11-01,2006,11,1,7029.29545454546
2006-12-01,2006,12,1,6680.97368421053
2007-01-01,2007,1,1,5689.34090909091
2007-02-01,2007,2,1,5718.15
2007-03-01,2007,3,1,6465.29545454545
2007-04-01,2007,4,1,7753.34210526316
2007-05-01,2007,5,1,7677.95238095238
2007-06-01,2007,6,1,7514.2380952381
2007-07-01,2007,7,1,7980.93181818182
2007-08-01,2007,8,1,7500.20454545455
2007-09-01,2007,9,1,7671.35
2007-10-01,2007,10,1,8020.58695652174
2007-11-01,2007,11,1,6957.43181818182
2007-12-01,2007,12,1,6630.73611111111
2008-01-01,2008,1,1,7078.90909090909
2008-02-01,2008,2,1,7941.14285714286
2008-03-01,2008,3,1,8434.31578947368
2008-04-01,2008,4,1,8714.18181818182
2008-05-01,2008,5,1,8356.125
2008-06-01,2008,6,1,8292.0
2008-07-01,2008,7,1,8407.02173913043
2008-08-01,2008,8,1,7633.8
2008-09-01,2008,9,1,6975.11363636364
2008-10-01,2008,10,1,4894.89130434783
2008-11-01,2008,11,1,3729.1875
2008-12-01,2008,12,1,3105.09523809524
2009-01-01,2009,1,1,3260.35714285714
2009-02-01,2009,2,1,3328.4125
2009-03-01,2009,3,1,3770.875
2009-04-01,2009,4,1,4436.925
2009-05-01,2009,5,1,4594.90277777778
2009-06-01,2009,6,1,5013.29761904762
2009-07-01,2009,7,1,5240.82954545455
2009-08-01,2009,8,1,6176.875
2009-09-01,2009,9,1,6195.75
2009-10-01,2009,10,1,6305.98863636364
2009-11-01,2009,11,1,6682.44047619048
2009-12-01,2009,12,1,6976.97619047619
2010-01-01,2010,1,1,7367.394999999999
2010-02-01,2010,2,1,6867.6900000000005
2010-03-01,2010,3,1,7466.960869565216
2010-04-01,2010,4,1,7729.854999999999
2010-05-01,2010,5,1,6843.184210526317
2010-06-01,2010,6,1,6501.5
2010-07-01,2010,7,1,6750.568181818182
2010-08-01,2010,8,1,7302.666666666667
2010-09-01,2010,9,1,7729.590909090909
2010-10-01,2010,10,1,8289.761904761905
2010-11-01,2010,11,1,8458.420454545454
2010-12-01,2010,12,1,9152.857142857143
2011-01-01,2011,1,1,9533.2
2011-02-01,2011,2,1,9880.9375
2011-03-01,2011,3,1,9503.358695652174
2011-04-01,2011,4,1,9482.75
2011-05-01,2011,5,1,8931.675
2011-06-01,2011,6,1,9066.852272727272
2011-07-01,2011,7,1,9650.464285714286
2011-08-01,2011,8,1,8997.988636363636
2011-09-01,2011,9,1,8300.136363636364
2011-10-01,2011,10,1,7394.190476190476
2011-11-01,2011,11,1,7581.022727272727
2011-12-01,2011,12,1,7558.875
2012-01-01,2012,1,1,8061.916666666667
2012-02-01,2012,2,1,8441.488095238095
2012-03-01,2012,3,1,8470.78409090909
2012-04-01,2012,4,1,8285.526315789473
2012-05-01,2012,5,1,7896.909090909091
2012-06-01,2012,6,1,7428.289473684211
2012-07-01,2012,7,1,7584.261363636364
2012-08-01,2012,8,1,7510.431818181818
2012-09-01,2012,9,1,8087.7425
2012-10-01,2012,10,1,8062.032608695652
2012-11-01,2012,11,1,7711.227272727273
2012-12-01,2012,12,1,7966.486842105263
2013-01-01,2013,1,1,8053.738636363636
2013-02-01,2013,2,1,8060.925
2013-03-01,2013,3,1,7652.375
2013-04-01,2013,4,1,7221.161904761904
2013-05-01,2013,5,1,7248.714285714285
2013-06-01,2013,6,1,7000.2375
2013-07-01,2013,7,1,6906.641304347826
2013-08-01,2013,8,1,7186.25
2013-09-01,2013,9,1,7159.269047619047
2013-10-01,2013,10,1,7203.021739130435
2013-11-01,2013,11,1,7070.6547619047615
2013-12-01,2013,12,1,7214.9
2014-01-01,2014,1,1,7291.465909090909
2014-02-01,2014,2,1,7149.2125
2014-03-01,2014,3,1,6650.035714285715
2014-04-01,2014,4,1,6673.5625
2014-05-01,2014,5,1,6891.125
2014-06-01,2014,6,1,6821.142857142857
2014-07-01,2014,7,1,7113.380434782609
2014-08-01,2014,8,1,7001.8375
2014-09-01,2014,9,1,6872.215909090909
2014-10-01,2014,10,1,6737.478260869565
2014-11-01,2014,11,1,6712.85
2014-12-01,2014,12,1,6446.452380952381
2015-01-01,2015,1,1,5830.535714285715
2015-02-01,2015,2,1,5729.275
2015-03-01,2015,3,1,5939.670454545455
2015-04-01,2015,4,1,6042.0875
2015-05-01,2015,5,1,6294.776315789473
2015-06-01,2015,6,1,5833.011363636364
2015-07-01,2015,7,1,5456.75
2015-08-01,2015,8,1,5127.3
2015-09-01,2015,9,1,5217.25
2015-10-01,2015,10,1,5216.090909090909
2015-11-01,2015,11,1,4799.9047619047615
2015-12-01,2015,12,1,4638.833333333333
2016-01-01,2016,1,1,4471.7875
2016-02-01,2016,2,1,4598.619047619048
2016-03-01,2016,3,1,4953.797619047619
2016-04-01,2016,4,1,4872.738095238095
2016-05-01,2016,5,1,4694.5375
2016-06-01,2016,6,1,4641.965909090909
2016-07-01,2016,7,1,4864.9047619047615
2016-08-01,2016,8,1,4751.670454545455
2016-09-01,2016,9,1,4722.204545454545
2016-10-01,2016,10,1,4731.261904761905
2016-11-01,2016,11,1,5450.931818181818
2016-12-01,2016,12,1,5660.35
2017-01-01,2017,1,1,5754.559523809524
2017-02-01,2017,2,1,5940.9125
2017-03-01,2017,3,1,5824.630434782609
2017-04-01,2017,4,1,5683.902777777777
2017-05-01,2017,5,1,5599.559523809524
2017-06-01,2017,6,1,5719.761363636364
1980-02-01,1980,2,2,12.15
1980-03-01,1980,3,2,12.15
1980-04-01,1980,4,2,12.15
1980-05-01,1980,5,2,12.15
1980-06-01,1980,6,2,12.15
1980-07-01,1980,7,2,12.15
1980-08-01,1980,8,2,12.15
1980-09-01,1980,9,2,12.15
1980-10-01,1980,10,2,12.15
1980-11-01,1980,11,2,12.15
1980-12-01,1980,12,2,12.15
1981-01-01,1981,1,2,12.15
1981-02-01,1981,2,2,12.15
1981-03-01,1981,3,2,12.15
1981-04-01,1981,4,2,12.15
1981-05-01,1981,5,2,12.15
1981-06-01,1981,6,2,12.15
1981-07-01,1981,7,2,12.15
1981-08-01,1981,8,2,12.15
1981-09-01,1981,9,2,12.15
1981-10-01,1981,10,2,12.15
1981-11-01,1981,11,2,12.15
1981-12-01,1981,12,2,12.15
1982-01-01,1982,1,2,14.05
1982-02-01,1982,2,2,14.05
1982-03-01,1982,3,2,14.05
1982-04-01,1982,4,2,14.05
1982-05-01,1982,5,2,14.05
1982-06-01,1982,6,2,14.05
1982-07-01,1982,7,2,14.05
1982-08-01,1982,8,2,14.05
1982-09-01,1982,9,2,14.05
1982-10-01,1982,10,2,14.05
1982-11-01,1982,11,2,14.05
1982-12-01,1982,12,2,14.05
1983-01-01,1983,1,2,12.54
1983-02-01,1983,2,2,12.54
1983-03-01,1983,3,2,12.54
1983-04-01,1983,4,2,12.54
1983-05-01,1983,5,2,12.54
1983-06-01,1983,6,2,12.54
1983-07-01,1983,7,2,12.54
1983-08-01,1983,8,2,12.54
1983-09-01,1983,9,2,12.54
1983-10-01,1983,10,2,12.54
1983-11-01,1983,11,2,12.54
1983-12-01,1983,12,2,12.54
1984-01-01,1984,1,2,11.31
1984-02-01,1984,2,2,11.31
1984-03-01,1984,3,2,11.31
1984-04-01,1984,4,2,11.31
1984-05-01,1984,5,2,11.31
1984-06-01,1984,6,2,11.31
1984-07-01,1984,7,2,11.31
1984-08-01,1984,8,2,11.31
1984-09-01,1984,9,2,11.31
1984-10-01,1984,10,2,11.31
1984-11-01,1984,11,2,11.31
1984-12-01,1984,12,2,11.31
1985-01-01,1985,1,2,11.49
1985-02-01,1985,2,2,11.49
1985-03-01,1985,3,2,11.49
1985-04-01,1985,4,2,11.49
1985-05-01,1985,5,2,11.49
1985-06-01,1985,6,2,11.49
1985-07-01,1985,7,2,11.49
1985-08-01,1985,8,2,11.49
1985-09-01,1985,9,2,11.49
1985-10-01,1985,10,2,11.49
1985-11-01,1985,11,2,11.49
1985-12-01,1985,12,2,11.49
1986-01-01,1986,1,2,11.36
1986-02-01,1986,2,2,11.36
1986-03-01,1986,3,2,11.36
1986-04-01,1986,4,2,11.36
1986-05-01,1986,5,2,11.36
1986-06-01,1986,6,2,11.36
1986-07-01,1986,7,2,11.36
1986-08-01,1986,8,2,11.36
1986-09-01,1986,9,2,11.36
1986-10-01,1986,10,2,11.36
1986-11-01,1986,11,2,11.36
1986-12-01,1986,12,2,11.36
1987-01-01,1987,1,2,10.94
1987-02-01,1987,2,2,10.94
1987-03-01,1987,3,2,10.94
1987-04-01,1987,4,2,10.94
1987-05-01,1987,5,2,10.94
1987-06-01,1987,6,2,10.94
1987-07-01,1987,7,2,10.94
1987-08-01,1987,8,2,10.94
1987-09-01,1987,9,2,10.94
1987-10-01,1987,10,2,10.94
1987-11-01,1987,11,2,10.94
1987-12-01,1987,12,2,10.94
1988-01-01,1988,1,2,10.51
1988-02-01,1988,2,2,10.51
1988-03-01,1988,3,2,10.51
1988-04-01,1988,4,2,10.51
1988-05-01,1988,5,2,10.51
1988-06-01,1988,6,2,10.51
1988-07-01,1988,7,2,10.51
1988-08-01,1988,8,2,10.51
1988-09-01,1988,9,2,10.51
1988-10-01,1988,10,2,10.51
1988-11-01,1988,11,2,10.51
1988-12-01,1988,12,2,10.51
1989-01-01,1989,1,2,12.03
1989-02-01,1989,2,2,12.03
1989-03-01,1989,3,2,12.03
1989-04-01,1989,4,2,12.03
1989-05-01,1989,5,2,12.03
1989-06-01,1989,6,2,12.03
1989-07-01,1989,7,2,12.03
1989-08-01,1989,8,2,12.03
1989-09-01,1989,9,2,12.03
1989-10-01,1989,10,2,12.03
1989-11-01,1989,11,2,12.03
1989-12-01,1989,12,2,12.03
1990-01-01,1990,1,2,14.05
1990-02-01,1990,2,2,14.05
1990-03-01,1990,3,2,14.05
1990-04-01,1990,4,2,14.05
1990-05-01,1990,5,2,14.05
1990-06-01,1990,6,2,14.05
1990-07-01,1990,7,2,14.05
1990-08-01,1990,8,2,14.05
1990-09-01,1990,9,2,14.05
1990-10-01,1990,10,2,14.05
1990-11-01,1990,11,2,14.05
1990-12-01,1990,12,2,14.05
1991-01-01,1991,1,2,15.03
1991-02-01,1991,2,2,15.03
1991-03-01,1991,3,2,15.03
1991-04-01,1991,4,2,15.03
1991-05-01,1991,5,2,15.03
1991-06-01,1991,6,2,15.03
1991-07-01,1991,7,2,15.03
1991-08-01,1991,8,2,15.03
1991-09-01,1991,9,2,15.03
1991-10-01,1991,10,2,15.03
1991-11-01,1991,11,2,15.03
1991-12-01,1991,12,2,15.03
1992-01-01,1992,1,2,14.31
1992-02-01,1992,2,2,14.31
1992-03-01,1992,3,2,14.31
1992-04-01,1992,4,2,14.31
1992-05-01,1992,5,2,14.31
1992-06-01,1992,6,2,14.31
1992-07-01,1992,7,2,14.31
1992-08-01,1992,8,2,14.31
1992-09-01,1992,9,2,14.31
1992-10-01,1992,10,2,14.31
1992-11-01,1992,11,2,14.31
1992-12-01,1992,12,2,14.31
1993-01-01,1993,1,2,12.58
1993-02-01,1993,2,2,12.58
1993-03-01,1993,3,2,12.58
1993-04-01,1993,4,2,12.58
1993-05-01,1993,5,2,12.58
1993-06-01,1993,6,2,12.58
1993-07-01,1993,7,2,12.58
1993-08-01,1993,8,2,12.58
1993-09-01,1993,9,2,12.58
1993-10-01,1993,10,2,12.58
1993-11-01,1993,11,2,12.58
1993-12-01,1993,12,2,12.58
1994-01-01,1994,1,2,11.45
1994-02-01,1994,2,2,11.45
1994-03-01,1994,3,2,11.45
1994-04-01,1994,4,2,11.45
1994-05-01,1994,5,2,11.45
1994-06-01,1994,6,2,11.45
1994-07-01,1994,7,2,11.45
1994-08-01,1994,8,2,11.45
1994-09-01,1994,9,2,11.45
1994-10-01,1994,10,2,11.45
1994-11-01,1994,11,2,11.45
1994-12-01,1994,12,2,11.45
1995-01-01,1995,1,2,12.27
1995-02-01,1995,2,2,12.27
1995-03-01,1995,3,2,12.27
1995-04-01,1995,4,2,12.27
1995-05-01,1995,5,2,12.27
1995-06-01,1995,6,2,12.27
1995-07-01,1995,7,2,12.27
1995-08-01,1995,8,2,12.27
1995-09-01,1995,9,2,12.27
1995-10-01,1995,10,2,12.27
1995-11-01,1995,11,2,12.27
1995-12-01,1995,12,2,12.27
1996-01-01,1996,1,2,12.97
1996-02-01,1996,2,2,12.97
1996-03-01,1996,3,2,12.97
1996-04-01,1996,4,2,12.97
1996-05-01,1996,5,2,12.97
1996-06-01,1996,6,2,12.97
1996-07-01,1996,7,2,12.97
1996-08-01,1996,8,2,12.97
1996-09-01,1996,9,2,12.97
1996-10-01,1996,10,2,12.97
1996-11-01,1996,11,2,12.97
1996-12-01,1996,12,2,12.97
1997-01-01,1997,1,2,13.04
1997-02-01,1997,2,2,13.04
1997-03-01,1997,3,2,13.04
1997-04-01,1997,4,2,13.04
1997-05-01,1997,5,2,13.04
1997-06-01,1997,6,2,13.04
1997-07-01,1997,7,2,13.04
1997-08-01,1997,8,2,13.04
1997-09-01,1997,9,2,13.04
1997-10-01,1997,10,2,13.04
1997-11-01,1997,11,2,13.04
1997-12-01,1997,12,2,13.04
1998-01-01,1998,1,2,13.41
1998-02-01,1998,2,2,13.41
1998-03-01,1998,3,2,13.41
1998-04-01,1998,4,2,13.41
1998-05-01,1998,5,2,13.41
1998-06-01,1998,6,2,13.41
1998-07-01,1998,7,2,13.41
1998-08-01,1998,8,2,13.41
1998-09-01,1998,9,2,13.41
1998-10-01,1998,10,2,13.41
1998-11-01,1998,11,2,13.41
1998-12-01,1998,12,2,13.41
1999-01-01,1999,1,2,11.93
1999-02-01,1999,2,2,11.93
1999-03-01,1999,3,2,11.93
1999-04-01,1999,4,2,11.93
1999-05-01,1999,5,2,11.93
1999-06-01,1999,6,2,11.93
1999-07-01,1999,7,2,11.93
1999-08-01,1999,8,2,11.93
1999-09-01,1999,9,2,11.93
1999-10-01,1999,10,2,11.93
1999-11-01,1999,11,2,11.93
1999-12-01,1999,12,2,11.93
2000-01-01,2000,1,2,12.45
2000-02-01,2000,2,2,12.45
2000-03-01,2000,3,2,12.45
2000-04-01,2000,4,2,12.45
2000-05-01,2000,5,2,12.45
2000-06-01,2000,6,2,12.45
2000-07-01,2000,7,2,12.45
2000-08-01,2000,8,2,12.45
2000-09-01,2000,9,2,12.45
2000-10-01,2000,10,2,12.45
2000-11-01,2000,11,2,12.45
2000-12-01,2000,12,2,12.45
2001-01-01,2001,1,2,12.99
2001-02-01,2001,2,2,12.99
2001-03-01,2001,3,2,12.99
2001-04-01,2001,4,2,12.99
2001-05-01,2001,5,2,12.99
2001-06-01,2001,6,2,12.99
2001-07-01,2001,7,2,12.99
2001-08-01,2001,8,2,12.99
2001-09-01,2001,9,2,12.99
2001-10-01,2001,10,2,12.99
2001-11-01,2001,11,2,12.99
2001-12-01,2001,12,2,12.99
2002-01-01,2002,1,2,12.68
2002-02-01,2002,2,2,12.68
2002-03-01,2002,3,2,12.68
2002-04-01,2002,4,2,12.68
2002-05-01,2002,5,2,12.68
2002-06-01,2002,6,2,12.68
2002-07-01,2002,7,2,12.68
2002-08-01,2002,8,2,12.68
2002-09-01,2002,9,2,12.68
2002-10-01,2002,10,2,12.68
2002-11-01,2002,11,2,12.68
2002-12-01,2002,12,2,12.68
2003-01-01,2003,1,2,13.82
2003-02-01,2003,2,2,13.82
2003-03-01,2003,3,2,13.82
2003-04-01,2003,4,2,13.82
2003-05-01,2003,5,2,13.82
2003-06-01,2003,6,2,13.82
2003-07-01,2003,7,2,13.82
2003-08-01,2003,8,2,13.82
2003-09-01,2003,9,2,13.82
2003-10-01,2003,10,2,13.82
2003-11-01,2003,11,2,13.82
2003-12-01,2003,12,2,13.82
2004-01-01,2004,1,2,16.39
2004-02-01,2004,2,2,16.39
2004-03-01,2004,3,2,16.39
2004-04-01,2004,4,2,16.39
2004-05-01,2004,5,2,16.39
2004-06-01,2004,6,2,16.39
2004-07-01,2004,7,2,16.39
2004-08-01,2004,8,2,16.39
2004-09-01,2004,9,2,16.39
2004-10-01,2004,10,2,16.39
2004-11-01,2004,11,2,16.39
2004-12-01,2004,12,2,16.39
2005-01-01,2005,1,2,28.11
2005-02-01,2005,2,2,28.11
2005-03-01,2005,3,2,28.11
2005-04-01,2005,4,2,28.11
2005-05-01,2005,5,2,28.11
2005-06-01,2005,6,2,28.11
2005-07-01,2005,7,2,28.11
2005-08-01,2005,8,2,28.11
2005-09-01,2005,9,2,28.11
2005-10-01,2005,10,2,28.11
2005-11-01,2005,11,2,28.11
2005-12-01,2005,12,2,28.11
2006-01-01,2006,1,2,33.45
2006-02-01,2006,2,2,33.45
2006-03-01,2006,3,2,33.45
2006-04-01,2006,4,2,33.45
2006-05-01,2006,5,2,33.45
2006-06-01,2006,6,2,33.45
2006-07-01,2006,7,2,33.45
2006-08-01,2006,8,2,33.45
2006-09-01,2006,9,2,33.45
2006-10-01,2006,10,2,33.45
2006-11-01,2006,11,2,33.45
2006-12-01,2006,12,2,33.45
2007-01-01,2007,1,2,36.63
2007-02-01,2007,2,2,36.63
2007-03-01,2007,3,2,36.63
2007-04-01,2007,4,2,36.63
2007-05-01,2007,5,2,36.63
2007-06-01,2007,6,2,36.63
2007-07-01,2007,7,2,36.63
2007-08-01,2007,8,2,36.63
2007-09-01,2007,9,2,36.63
2007-10-01,2007,10,2,36.63
2007-11-01,2007,11,2,36.63
2007-12-01,2007,12,2,36.63
2008-01-01,2008,1,2,60.8
2008-02-01,2008,2,2,60.8
2008-03-01,2008,3,2,60.8
2008-04-01,2008,4,2,60.8
2008-05-01,2008,5,2,60.8
2008-06-01,2008,6,2,60.8
2008-07-01,2008,7,2,60.8
2008-08-01,2008,8,2,60.8
2008-09-01,2008,9,2,60.8
2008-10-01,2008,10,2,60.8
2008-11-01,2008,11,2,60.8
2008-12-01,2008,12,2,69.98260869565216
2009-01-01,2009,1,2,72.50909090909092
2009-02-01,2009,2,2,75.58999999999999
2009-03-01,2009,3,2,64.07272727272728
2009-04-01,2009,4,2,59.78181818181815
2009-05-01,2009,5,2,62.69047619047621
2009-06-01,2009,6,2,71.65909090909092
2009-07-01,2009,7,2,83.95217391304348
2009-08-01,2009,8,2,97.66666666666669
2009-09-01,2009,9,2,80.71363636363637
2009-10-01,2009,10,2,86.78636363636363
2009-11-01,2009,11,2,99.25714285714288
2009-12-01,2009,12,2,105.24782608695654
2010-01-01,2010,1,2,125.91428571428573
2010-02-01,2010,2,2,127.615
2010-03-01,2010,3,2,139.7695652173913
2010-04-01,2010,4,2,172.46818181818185
2010-05-01,2010,5,2,161.34761904761902
2010-06-01,2010,6,2,143.63181818181818
2010-07-01,2010,7,2,126.36363636363636
2010-08-01,2010,8,2,145.3409090909091
2010-09-01,2010,9,2,140.62727272727273
2010-10-01,2010,10,2,148.4809523809524
2010-11-01,2010,11,2,160.55
2010-12-01,2010,12,2,168.52608695652177
2011-01-01,2011,1,2,179.63
2011-02-01,2011,2,2,187.18000000000004
2011-03-01,2011,3,2,169.35652173913047
2011-04-01,2011,4,2,179.26111111111115
2011-05-01,2011,5,2,177.095
2011-06-01,2011,6,2,170.87727272727273
2011-07-01,2011,7,2,172.97619047619045
2011-08-01,2011,8,2,177.45000000000005
2011-09-01,2011,9,2,177.22727272727272
2011-10-01,2011,10,2,150.43333333333334
2011-11-01,2011,11,2,135.5409090909091
2011-12-01,2011,12,2,136.45499999999998
2012-01-01,2012,1,2,140.3476190476191
2012-02-01,2012,2,2,140.39523809523808
2012-03-01,2012,3,2,144.66363636363633
2012-04-01,2012,4,2,147.64736842105265
2012-05-01,2012,5,2,136.27272727272728
2012-06-01,2012,6,2,134.62105263157895
2012-07-01,2012,7,2,127.93636363636364
2012-08-01,2012,8,2,107.79545454545456
2012-09-01,2012,9,2,99.47
2012-10-01,2012,10,2,113.94782608695652
2012-11-01,2012,11,2,120.34545454545454
2012-12-01,2012,12,2,128.8736842105263
2013-01-01,2013,1,2,150.4909090909091
2013-02-01,2013,2,2,154.63888888888889
2013-03-01,2013,3,2,139.87
2013-04-01,2013,4,2,137.39090909090908
2013-05-01,2013,5,2,124.00952380952384
2013-06-01,2013,6,2,114.81499999999998
2013-07-01,2013,7,2,127.19130434782608
2013-08-01,2013,8,2,137.055
2013-09-01,2013,9,2,134.18571428571428
2013-10-01,2013,10,2,132.5727272727273
2013-11-01,2013,11,2,136.3238095238095
2013-12-01,2013,12,2,135.7904761904762
2014-01-01,2014,1,2,128.11904761904762
2014-02-01,2014,2,2,121.37000000000003
2014-03-01,2014,3,2,111.83333333333336
2014-04-01,2014,4,2,114.5809523809524
2014-05-01,2014,5,2,100.56
2014-06-01,2014,6,2,92.85238095238094
2014-07-01,2014,7,2,96.2608695652174
2014-08-01,2014,8,2,94.14285714285714
2014-09-01,2014,9,2,84.52272727272727
2014-10-01,2014,10,2,81.30434782608695
2014-11-01,2014,11,2,74.425
2014-12-01,2014,12,2,68.67391304347827
2015-01-01,2015,1,2,69.06818181818181
2015-02-01,2015,2,2,63.8
2015-03-01,2015,3,2,58.18181818181818
2015-04-01,2015,4,2,52.11363636363637
2015-05-01,2015,5,2,60.42857142857143
2015-06-01,2015,6,2,61.84090909090909
2015-07-01,2015,7,2,52.17391304347826
2015-08-01,2015,8,2,57.333333333333336
2015-09-01,2015,9,2,56.97727272727273
2015-10-01,2015,10,2,53.65909090909091
2015-11-01,2015,11,2,47.19047619047619
2015-12-01,2015,12,2,40.88260869565217
2016-01-01,2016,1,2,42.204761904761895
2016-02-01,2016,2,2,46.48571428571427
2016-03-01,2016,3,2,56.53913043478259
2016-04-01,2016,4,2,60.966666666666654
2016-05-01,2016,5,2,55.88636363636363
2016-06-01,2016,6,2,52.34090909090909
2016-07-01,2016,7,2,57.30952380952381
2016-08-01,2016,8,2,60.869565217391305
2016-09-01,2016,9,2,57.65909090909091
2016-10-01,2016,10,2,58.95238095238095
2016-11-01,2016,11,2,74.13636363636364
2016-12-01,2016,12,2,79.43181818181819
2017-01-01,2017,1,2,80.81818181818181
2017-02-01,2017,2,2,88.8
2017-03-01,2017,3,2,87.19565217391305
2017-04-01,2017,4,2,70.4
2017-05-01,2017,5,2,61.630434782608695
2017-06-01,2017,6,2,57.86363636363637
1980-02-01,1980,2,3,2131.00854492188
1980-03-01,1980,3,3,1978.37890625
1980-04-01,1980,4,3,1932.45556640625
1980-05-01,1980,5,3,1775.8037109375
1980-06-01,1980,6,3,1668.96044921875
1980-07-01,1980,7,3,1758.07495117188
1980-08-01,1980,8,3,1783.62719726563
1980-09-01,1980,9,3,1655.06567382813
1980-10-01,1980,10,3,1626.15209960938
1980-11-01,1980,11,3,1503.91015625
1980-12-01,1980,12,3,1430.65673828125
1981-01-01,1981,1,3,1430.82958984375
1981-02-01,1981,2,3,1452.38110351563
1981-03-01,1981,3,3,1442.95190429688
1981-04-01,1981,4,3,1369.23461914063
1981-05-01,1981,5,3,1296.99584960938
1981-06-01,1981,6,3,1232.40673828125
1981-07-01,1981,7,3,1175.31127929688
1981-08-01,1981,8,3,1230.82885742188
1981-09-01,1981,9,3,1168.9111328125
1981-10-01,1981,10,3,1140.181640625
1981-11-01,1981,11,3,1081.84643554688
1981-12-01,1981,12,3,1130.88427734375
1982-01-01,1982,1,3,1113.25854492188
1982-02-01,1982,2,3,1087.70629882813
1982-03-01,1982,3,3,1029.23657226563
1982-04-01,1982,4,3,996.20751953125
1982-05-01,1982,5,3,973.294189453125
1982-06-01,1982,6,3,918.849365234375
1982-07-01,1982,7,3,957.847900390625
1982-08-01,1982,8,3,958.864013671875
1982-09-01,1982,9,3,959.531982421875
1982-10-01,1982,10,3,951.484130859375
1982-11-01,1982,11,3,965.14697265625
1982-12-01,1982,12,3,987.387451171875
1983-01-01,1983,1,3,1076.53076171875
1983-02-01,1983,2,3,1230.45581054688
1983-03-01,1983,3,3,1301.72924804688
1983-04-01,1983,4,3,1363.56713867188
1983-05-01,1983,5,3,1453.43408203125
1983-06-01,1983,6,3,1465.57836914063
1983-07-01,1983,7,3,1520.2099609375
1983-08-01,1983,8,3,1603.66748046875
1983-09-01,1983,9,3,1613.72875976563
1983-10-01,1983,10,3,1566.25805664063
1983-11-01,1983,11,3,1516.72778320313
1983-12-01,1983,12,3,1549.33911132813
1984-01-01,1984,1,3,1548.90625
1984-02-01,1984,2,3,1491.16162109375
1984-03-01,1984,3,3,1455.76293945313
1984-04-01,1984,4,3,1370.35034179688
1984-05-01,1984,5,3,1289.13500976563
1984-06-01,1984,6,3,1275.02905273438
1984-07-01,1984,7,3,1162.80615234375
1984-08-01,1984,8,3,1136.00903320313
1984-09-01,1984,9,3,1012.169921875
1984-10-01,1984,10,3,1027.64794921875
1984-11-01,1984,11,3,1154.66040039063
1984-12-01,1984,12,3,1095.69604492188
1985-01-01,1985,1,3,1075.8544921875
1985-02-01,1985,2,3,1097.90087890625
1985-03-01,1985,3,3,1095.25512695313
1985-04-01,1985,4,3,1108.923828125
1985-05-01,1985,5,3,1104.5146484375
1985-06-01,1985,6,3,1031.76220703125
1985-07-01,1985,7,3,1011.92065429688
1985-08-01,1985,8,3,1018.53442382813
1985-09-01,1985,9,3,985.465087890625
1985-10-01,1985,10,3,970.03271484375
1985-11-01,1985,11,3,950.191162109375
1985-12-01,1985,12,3,1038.3759765625
1986-01-01,1986,1,3,1119.94702148438
1986-02-01,1986,2,3,1115.53784179688
1986-03-01,1986,3,3,1168.44848632813
1986-04-01,1986,4,3,1164.03930664063
1986-05-01,1986,5,3,1164.03930664063
1986-06-01,1986,6,3,1183.880859375
1986-07-01,1986,7,3,1122.15161132813
1986-08-01,1986,8,3,1128.76538085938
1986-09-01,1986,9,3,1205.92724609375
1986-10-01,1986,10,3,1161.83471679688
1986-11-01,1986,11,3,1130.96997070313
1986-12-01,1986,12,3,1130.96997070313
1987-01-01,1987,1,3,1170.6533203125
1987-02-01,1987,2,3,1283.0888671875
1987-03-01,1987,3,3,1369.06909179688
1987-04-01,1987,4,3,1399.93359375
1987-05-01,1987,5,3,1410.95678710938
1987-06-01,1987,6,3,1472.68627929688
1987-07-01,1987,7,3,1653.46508789063
1987-08-01,1987,8,3,1809.99291992188
1987-09-01,1987,9,3,1746.05908203125
1987-10-01,1987,10,3,1962.11181640625
1987-11-01,1987,11,3,1679.92041015625
1987-12-01,1987,12,3,1823.220703125
1988-01-01,1988,1,3,2001.794921875
1988-02-01,1988,2,3,2138.4814453125
1988-03-01,1988,3,3,2526.49462890625
1988-04-01,1988,4,3,2508.85766601563
1988-05-01,1988,5,3,2987.26000976563
1988-06-01,1988,6,3,3578.09814453125
1988-07-01,1988,7,3,2581.61010742188
1988-08-01,1988,8,3,2700.65942382813
1988-09-01,1988,9,3,2387.603515625
1988-10-01,1988,10,3,2308.23706054688
1988-11-01,1988,11,3,2380.98950195313
1988-12-01,1988,12,3,2458.1513671875
1989-01-01,1989,1,3,2398.62646484375
1989-02-01,1989,2,3,2175.59692382813
1989-03-01,1989,3,3,2074.54736328125
1989-04-01,1989,4,3,2125.80004882813
1989-05-01,1989,5,3,2259.0
1989-06-01,1989,6,3,1914.0
1989-07-01,1989,7,3,1756.0
1989-08-01,1989,8,3,1798.0
1989-09-01,1989,9,3,1718.0
1989-10-01,1989,10,3,1820.0
1989-11-01,1989,11,3,1736.0
1989-12-01,1989,12,3,1633.0
1990-01-01,1990,1,3,1528.0
1990-02-01,1990,2,3,1454.0
1990-03-01,1990,3,3,1567.0
1990-04-01,1990,4,3,1526.0
1990-05-01,1990,5,3,1527.0
1990-06-01,1990,6,3,1566.0
1990-07-01,1990,7,3,1571.0
1990-08-01,1990,8,3,1782.0
1990-09-01,1990,9,3,2067.0
1990-10-01,1990,10,3,1946.0
1990-11-01,1990,11,3,1618.0
1990-12-01,1990,12,3,1522.0
1991-01-01,1991,1,3,1515.0
1991-02-01,1991,2,3,1505.0
1991-03-01,1991,3,3,1496.0
1991-04-01,1991,4,3,1392.0
1991-05-01,1991,5,3,1299.94995117188
1991-06-01,1991,6,3,1283.55004882813
1991-07-01,1991,7,3,1297.54663085938
1991-08-01,1991,8,3,1259.693359375
1991-09-01,1991,9,3,1212.09521484375
1991-10-01,1991,10,3,1152.95458984375
1991-11-01,1991,11,3,1134.92504882813
1991-12-01,1991,12,3,1099.5263671875
1992-01-01,1992,1,3,1181.22729492188
1992-02-01,1992,2,3,1270.75
1992-03-01,1992,3,3,1282.02270507813
1992-04-01,1992,4,3,1317.125
1992-05-01,1992,5,3,1306.71069335938
1992-06-01,1992,6,3,1275.27270507813
1992-07-01,1992,7,3,1314.34790039063
1992-08-01,1992,8,3,1305.55004882813
1992-09-01,1992,9,3,1270.21435546875
1992-10-01,1992,10,3,1180.84106445313
1992-11-01,1992,11,3,1162.21435546875
1992-12-01,1992,12,3,1209.02380371094
1993-01-01,1993,1,3,1208.09997558594
1993-02-01,1993,2,3,1203.15002441406
1993-03-01,1993,3,3,1150.47827148438
1993-04-01,1993,4,3,1110.27502441406
1993-05-01,1993,5,3,1125.42102050781
1993-06-01,1993,6,3,1168.09094238281
1993-07-01,1993,7,3,1203.18176269531
1993-08-01,1993,8,3,1172.76196289063
1993-09-01,1993,9,3,1116.90905761719
1993-10-01,1993,10,3,1089.42858886719
1993-11-01,1993,11,3,1040.02270507813
1993-12-01,1993,12,3,1091.34997558594
1994-01-01,1994,1,3,1170.0
1994-02-01,1994,2,3,1270.52502441406
1994-03-01,1994,3,3,1287.69567871094
1994-04-01,1994,4,3,1277.28942871094
1994-05-01,1994,5,3,1321.04760742188
1994-06-01,1994,6,3,1402.36364746094
1994-07-01,1994,7,3,1491.95239257813
1994-08-01,1994,8,3,1457.06823730469
1994-09-01,1994,9,3,1571.09094238281
1994-10-01,1994,10,3,1694.26196289063
1994-11-01,1994,11,3,1885.88635253906
1994-12-01,1994,12,3,1878.375
1995-01-01,1995,1,3,2059.35717773438
1995-02-01,1995,2,3,1905.44995117188
1995-03-01,1995,3,3,1799.97827148438
1995-04-01,1995,4,3,1849.44445800781
1995-05-01,1995,5,3,1765.47619628906
1995-06-01,1995,6,3,1775.79541015625
1995-07-01,1995,7,3,1867.27502441406
1995-08-01,1995,8,3,1890.04541015625
1995-09-01,1995,9,3,1761.72497558594
1995-10-01,1995,10,3,1671.95458984375
1995-11-01,1995,11,3,1655.92858886719
1995-12-01,1995,12,3,1657.81579589844
1996-01-01,1996,1,3,1584.47619628906
1996-02-01,1996,2,3,1594.57141113281
1996-03-01,1996,3,3,1614.85717773438
1996-04-01,1996,4,3,1587.40002441406
1996-05-01,1996,5,3,1593.85717773438
1996-06-01,1996,6,3,1485.75
1996-07-01,1996,7,3,1460.02172851563
1996-08-01,1996,8,3,1466.78576660156
1996-09-01,1996,9,3,1405.76196289063
1996-10-01,1996,10,3,1336.02172851563
1996-11-01,1996,11,3,1451.04760742188
1996-12-01,1996,12,3,1500.97619628906
1997-01-01,1997,1,3,1575.13635253906
1997-02-01,1997,2,3,1582.05297851563
1997-03-01,1997,3,3,1631.18420410156
1997-04-01,1997,4,3,1561.11364746094
1997-05-01,1997,5,3,1625.44995117188
1997-06-01,1997,6,3,1567.1904296875
1997-07-01,1997,7,3,1591.5869140625
1997-08-01,1997,8,3,1710.02502441406
1997-09-01,1997,9,3,1611.61901855469
1997-10-01,1997,10,3,1607.32604980469
1997-11-01,1997,11,3,1598.32495117188
1997-12-01,1997,12,3,1530.52380371094
1998-01-01,1998,1,3,1485.47497558594
1998-02-01,1998,2,3,1465.17504882813
1998-03-01,1998,3,3,1438.31823730469
1998-04-01,1998,4,3,1417.55004882813
1998-05-01,1998,5,3,1364.31579589844
1998-06-01,1998,6,3,1305.52380371094
1998-07-01,1998,7,3,1312.66662597656
1998-08-01,1998,8,3,1310.55004882813
1998-09-01,1998,9,3,1341.88635253906
1998-10-01,1998,10,3,1303.70458984375
1998-11-01,1998,11,3,1295.30004882813
1998-12-01,1998,12,3,1250.39477539063
1999-01-01,1999,1,3,1219.40002441406
1999-02-01,1999,2,3,1186.475
1999-03-01,1999,3,3,1179.86363636364
1999-04-01,1999,4,3,1277.85
1999-05-01,1999,5,3,1323.13157894737
1999-06-01,1999,6,3,1315.52272727273
1999-07-01,1999,7,3,1403.36363636364
1999-08-01,1999,8,3,1421.69047619048
1999-09-01,1999,9,3,1492.06818181818
1999-10-01,1999,10,3,1473.33333333333
1999-11-01,1999,11,3,1472.43181818182
1999-12-01,1999,12,3,1554.73529411765
2000-01-01,2000,1,3,1679.85
2000-02-01,2000,2,3,1679.425
2000-03-01,2000,3,3,1579.64
2000-04-01,2000,4,3,1458.745
2000-05-01,2000,5,3,1468.0652173913
2000-06-01,2000,6,3,1509.37272727273
2000-07-01,2000,7,3,1564.37619047619
2000-08-01,2000,8,3,1530.3347826087
2000-09-01,2000,9,3,1602.30952380952
2000-10-01,2000,10,3,1501.24545454545
2000-11-01,2000,11,3,1475.55454545455
2000-12-01,2000,12,3,1569.055
2001-01-01,2001,1,3,1619.87727272727
2001-02-01,2001,2,3,1607.03
2001-03-01,2001,3,3,1512.17272727273
2001-04-01,2001,4,3,1499.48333333333
2001-05-01,2001,5,3,1542.39047619048
2001-06-01,2001,6,3,1470.83333333333
2001-07-01,2001,7,3,1418.62272727273
2001-08-01,2001,8,3,1377.84545454545
2001-09-01,2001,9,3,1345.995
2001-10-01,2001,10,3,1283.53043478261
2001-11-01,2001,11,3,1334.45454545455
2001-12-01,2001,12,3,1348.72352941176
2002-01-01,2002,1,3,1371.36363636364
2002-02-01,2002,2,3,1371.08
2002-03-01,2002,3,3,1404.985
2002-04-01,2002,4,3,1370.38571428571
2002-05-01,2002,5,3,1344.42727272727
2002-06-01,2002,6,3,1356.93333333333
2002-07-01,2002,7,3,1337.8652173913
2002-08-01,2002,8,3,1293.35714285714
2002-09-01,2002,9,3,1301.7
2002-10-01,2002,10,3,1311.46086956522
2002-11-01,2002,11,3,1373.26666666667
2002-12-01,2002,12,3,1375.8619047619
2003-01-01,2003,1,3,1379.29090909091
2003-02-01,2003,2,3,1421.555
2003-03-01,2003,3,3,1386.54761904762
2003-04-01,2003,4,3,1334.32
2003-05-01,2003,5,3,1400.415
2003-06-01,2003,6,3,1410.5380952381
2003-07-01,2003,7,3,1440.90434782609
2003-08-01,2003,8,3,1457.24
2003-09-01,2003,9,3,1416.59545454545
2003-10-01,2003,10,3,1477.24782608696
2003-11-01,2003,11,3,1511.6
2003-12-01,2003,12,3,1557.77857142857
2004-01-01,2004,1,3,1608.89285714286
2004-02-01,2004,2,3,1685.225
2004-03-01,2004,3,3,1657.35434782609
2004-04-01,2004,4,3,1731.68
2004-05-01,2004,5,3,1625.27368421053
2004-06-01,2004,6,3,1682.04090909091
2004-07-01,2004,7,3,1707.86818181818
2004-08-01,2004,8,3,1692.1
2004-09-01,2004,9,3,1731.02272727273
2004-10-01,2004,10,3,1830.36666666667
2004-11-01,2004,11,3,1817.35
2004-12-01,2004,12,3,1852.92380952381
2005-01-01,2005,1,3,1836.21
2005-02-01,2005,2,3,1882.8
2005-03-01,2005,3,3,1987.51904761905
2005-04-01,2005,4,3,1892.00952380952
2005-05-01,2005,5,3,1741.45
2005-06-01,2005,6,3,1731.94318181818
2005-07-01,2005,7,3,1783.2619047619
2005-08-01,2005,8,3,1871.27272727273
2005-09-01,2005,9,3,1837.69318181818
2005-10-01,2005,10,3,1934.14285714286
2005-11-01,2005,11,3,2056.97045454545
2005-12-01,2005,12,3,2250.9
2006-01-01,2006,1,3,2383.30238095238
2006-02-01,2006,2,3,2453.375
2006-03-01,2006,3,3,2432.47826086957
2006-04-01,2006,4,3,2623.85833333333
2006-05-01,2006,5,3,2852.07142857143
2006-06-01,2006,6,3,2490.95454545455
2006-07-01,2006,7,3,2511.83333333333
2006-08-01,2006,8,3,2461.55227272727
2006-09-01,2006,9,3,2484.38095238095
2006-10-01,2006,10,3,2657.14772727273
2006-11-01,2006,11,3,2702.13636363636
2006-12-01,2006,12,3,2823.67105263158
2007-01-01,2007,1,3,2799.05909090909
2007-02-01,2007,2,3,2839.05
2007-03-01,2007,3,3,2757.07954545455
2007-04-01,2007,4,3,2817.05263157895
2007-05-01,2007,5,3,2804.60476190476
2007-06-01,2007,6,3,2681.30952380952
2007-07-01,2007,7,3,2738.09090909091
2007-08-01,2007,8,3,2512.60227272727
2007-09-01,2007,9,3,2394.9625
2007-10-01,2007,10,3,2444.53260869565
2007-11-01,2007,11,3,2507.15227272727
2007-12-01,2007,12,3,2382.83333333333
2008-01-01,2008,1,3,2456.125
2008-02-01,2008,2,3,2784.89285714286
2008-03-01,2008,3,3,3012.05263157895
2008-04-01,2008,4,3,2968.03409090909
2008-05-01,2008,5,3,2908.2775
2008-06-01,2008,6,3,2967.86904761905
2008-07-01,2008,7,3,3067.45652173913
2008-08-01,2008,8,3,2762.56
2008-09-01,2008,9,3,2524.14772727273
2008-10-01,2008,10,3,2122.02826086956
2008-11-01,2008,11,3,1857.13
2008-12-01,2008,12,3,1504.41666666667
2009-01-01,2009,1,3,1420.35952380952
2009-02-01,2009,2,3,1338.0625
2009-03-01,2009,3,3,1338.07954545455
2009-04-01,2009,4,3,1431.8125
2009-05-01,2009,5,3,1464.41666666667
2009-06-01,2009,6,3,1586.33571428571
2009-07-01,2009,7,3,1674.33181818182
2009-08-01,2009,8,3,1927.6375
2009-09-01,2009,9,3,1835.59772727273
2009-10-01,2009,10,3,1875.66363636364
2009-11-01,2009,11,3,1956.54761904762
2009-12-01,2009,12,3,2181.25714285714
2010-01-01,2010,1,3,2230.1500000000005
2010-02-01,2010,2,3,2053.29
2010-03-01,2010,3,3,2210.547826086957
2010-04-01,2010,4,3,2314.3050000000003
2010-05-01,2010,5,3,2044.7315789473685
2010-06-01,2010,6,3,1929.409090909091
2010-07-01,2010,7,3,1989.0454545454545
2010-08-01,2010,8,3,2110.440476190476
2010-09-01,2010,9,3,2171.2431818181817
2010-10-01,2010,10,3,2342.178571428572
2010-11-01,2010,11,3,2324.0454545454545
2010-12-01,2010,12,3,2356.669047619048
2011-01-01,2011,1,3,2439.7
2011-02-01,2011,2,3,2515.26
2011-03-01,2011,3,3,2555.5
2011-04-01,2011,4,3,2667.4166666666665
2011-05-01,2011,5,3,2587.2125
2011-06-01,2011,6,3,2557.7613636363635
2011-07-01,2011,7,3,2525.428571428572
2011-08-01,2011,8,3,2380.975
2011-09-01,2011,9,3,2293.461363636364
2011-10-01,2011,10,3,2180.647619047619
2011-11-01,2011,11,3,2079.981818181818
2011-12-01,2011,12,3,2024.375
2012-01-01,2012,1,3,2151.333333333333
2012-02-01,2012,2,3,2207.9166666666665
2012-03-01,2012,3,3,2184.159090909091
2012-04-01,2012,4,3,2048.5052631578947
2012-05-01,2012,5,3,2002.5227272727277
2012-06-01,2012,6,3,1885.5131578947369
2012-07-01,2012,7,3,1876.25
2012-08-01,2012,8,3,1843.3272727272729
2012-09-01,2012,9,3,2064.12
2012-10-01,2012,10,3,1974.304347826087
2012-11-01,2012,11,3,1948.8295454545453
2012-12-01,2012,12,3,2086.7631578947367
2013-01-01,2013,1,3,2037.6068181818184
2013-02-01,2013,2,3,2053.5950000000003
2013-03-01,2013,3,3,1911.2825
2013-04-01,2013,4,3,1861.0238095238096
2013-05-01,2013,5,3,1832.571428571429
2013-06-01,2013,6,3,1814.5375
2013-07-01,2013,7,3,1769.608695652174
2013-08-01,2013,8,3,1816.235714285714
2013-09-01,2013,9,3,1761.304761904762
2013-10-01,2013,10,3,1814.582608695652
2013-11-01,2013,11,3,1747.9642857142858
2013-12-01,2013,12,3,1739.81
2014-01-01,2014,1,3,1727.4113636363638
2014-02-01,2014,2,3,1695.1650000000002
2014-03-01,2014,3,3,1705.3666666666666
2014-04-01,2014,4,3,1810.675
2014-05-01,2014,5,3,1751.05
2014-06-01,2014,6,3,1838.952380952381
2014-07-01,2014,7,3,1948.304347826087
2014-08-01,2014,8,3,2030.4925
2014-09-01,2014,9,3,1990.4318181818185
2014-10-01,2014,10,3,1946.1891304347823
2014-11-01,2014,11,3,2055.555
2014-12-01,2014,12,3,1909.459523809524
2015-01-01,2015,1,3,1814.719047619048
2015-02-01,2015,2,3,1817.82
2015-03-01,2015,3,3,1773.8636363636365
2015-04-01,2015,4,3,1819.1875
2015-05-01,2015,5,3,1804.0394736842104
2015-06-01,2015,6,3,1687.7272727272727
2015-07-01,2015,7,3,1639.5
2015-08-01,2015,8,3,1548.125
2015-09-01,2015,9,3,1589.6022727272727
2015-10-01,2015,10,3,1516.4886363636365
2015-11-01,2015,11,3,1467.892857142857
2015-12-01,2015,12,3,1497.202380952381
2016-01-01,2016,1,3,1481.1
2016-02-01,2016,2,3,1531.2619047619048
2016-03-01,2016,3,3,1531.0119047619048
2016-04-01,2016,4,3,1571.2261904761904
2016-05-01,2016,5,3,1550.625
2016-06-01,2016,6,3,1593.5068181818183
2016-07-01,2016,7,3,1629.047619047619
2016-08-01,2016,8,3,1639.284090909091
2016-09-01,2016,9,3,1592.3636363636365
2016-10-01,2016,10,3,1665.904761904762
2016-11-01,2016,11,3,1737.1136363636365
2016-12-01,2016,12,3,1727.7375
2017-01-01,2017,1,3,1791.2380952380952
2017-02-01,2017,2,3,1860.75
2017-03-01,2017,3,3,1901.467391304348
2017-04-01,2017,4,3,1921.2222222222224
2017-05-01,2017,5,3,1913.0238095238096
2017-06-01,2017,6,3,1885.286363636364
1980-02-01,1980,2,4,6978.927734375
1980-03-01,1980,3,4,6733.787109375
1980-04-01,1980,4,4,6233.369140625
1980-05-01,1980,5,4,6000.76953125
1980-06-01,1980,6,4,6294.833984375
1980-07-01,1980,7,4,6622.166015625
1980-08-01,1980,8,4,6584.505859375
1980-09-01,1980,9,4,6655.357421875
1980-10-01,1980,10,4,6691.947265625
1980-11-01,1980,11,4,6452.666015625
1980-12-01,1980,12,4,6390.912109375
1981-01-01,1981,1,4,6403.7734375
1981-02-01,1981,2,4,6370.748046875
1981-03-01,1981,3,4,6292.43359375
1981-04-01,1981,4,4,6307.060546875
1981-05-01,1981,5,4,6352.15625
1981-06-01,1981,6,4,6169.462890625
1981-07-01,1981,7,4,6150.337890625
1981-08-01,1981,8,4,5999.1171875
1981-09-01,1981,9,4,5579.064453125
1981-10-01,1981,10,4,5216.7109375
1981-11-01,1981,11,4,5100.24609375
1981-12-01,1981,12,4,5496.025390625
1982-01-01,1982,1,4,5628.904296875
1982-02-01,1982,2,4,5716.759765625
1982-03-01,1982,3,4,5653.357421875
1982-04-01,1982,4,4,5394.0546875
1982-05-01,1982,5,4,5211.837890625
1982-06-01,1982,6,4,5186.697265625
1982-07-01,1982,7,4,5068.580078125
1982-08-01,1982,8,4,4953.02734375
1982-09-01,1982,9,4,4310.296875
1982-10-01,1982,10,4,3916.5078125
1982-11-01,1982,11,4,3433.65747070313
1982-12-01,1982,12,4,3576.26953125
1983-01-01,1983,1,4,3796.9599609375
1983-02-01,1983,2,4,4228.197265625
1983-03-01,1983,3,4,4831.7734375
1983-04-01,1983,4,4,4817.78515625
1983-05-01,1983,5,4,5031.533203125
1983-06-01,1983,6,4,4883.158203125
1983-07-01,1983,7,4,4804.037109375
1983-08-01,1983,8,4,4852.7578125
1983-09-01,1983,9,4,4910.5234375
1983-10-01,1983,10,4,4674.150390625
1983-11-01,1983,11,4,4585.166015625
1983-12-01,1983,12,4,4657.0
1984-01-01,1984,1,4,4670.48046875
1984-02-01,1984,2,4,4639.912109375
1984-03-01,1984,3,4,4780.826171875
1984-04-01,1984,4,4,4911.40625
1984-05-01,1984,5,4,4811.423828125
1984-06-01,1984,6,4,4773.232421875
1984-07-01,1984,7,4,4640.1796875
1984-08-01,1984,8,4,4736.07421875
1984-09-01,1984,9,4,4705.63671875
1984-10-01,1984,10,4,4750.294921875
1984-11-01,1984,11,4,4748.400390625
1984-12-01,1984,12,4,4858.982421875
1985-01-01,1985,1,4,4947.16796875
1985-02-01,1985,2,4,5050.78515625
1985-03-01,1985,3,4,5211.72265625
1985-04-01,1985,4,4,5489.50390625
1985-05-01,1985,5,4,5604.14453125
1985-06-01,1985,6,4,5553.4375
1985-07-01,1985,7,4,5090.466796875
1985-08-01,1985,8,4,4907.484375
1985-09-01,1985,9,4,4570.177734375
1985-10-01,1985,10,4,4239.484375
1985-11-01,1985,11,4,4034.45458984375
1985-12-01,1985,12,4,4089.57006835938
1986-01-01,1986,1,4,4034.45458984375
1986-02-01,1986,2,4,3988.15747070313
1986-03-01,1986,3,4,4135.8671875
1986-04-01,1986,4,4,4085.16088867188
1986-05-01,1986,5,4,4043.27319335938
1986-06-01,1986,6,4,4087.36547851563
1986-07-01,1986,7,4,3910.99584960938
1986-08-01,1986,8,4,3807.37866210938
1986-09-01,1986,9,4,3723.60327148438
1986-10-01,1986,10,4,3644.23681640625
1986-11-01,1986,11,4,3642.0322265625
1986-12-01,1986,12,4,3562.666015625
1987-01-01,1987,1,4,3525.1875
1987-02-01,1987,2,4,3716.9892578125
1987-03-01,1987,3,4,3772.10473632813
1987-04-01,1987,4,4,3897.76806640625
1987-05-01,1987,5,4,4435.6953125
1987-06-01,1987,6,4,4435.6953125
1987-07-01,1987,7,4,4753.16015625
1987-08-01,1987,8,4,5306.51953125
1987-09-01,1987,9,4,5332.9765625
1987-10-01,1987,10,4,5692.328125
1987-11-01,1987,11,4,5937.041015625
1987-12-01,1987,12,4,7661.0546875
1988-01-01,1988,1,4,8073.318359375
1988-02-01,1988,2,4,8666.361328125
1988-03-01,1988,3,4,15496.2734375
1988-04-01,1988,4,4,18011.74609375
1988-05-01,1988,5,4,17024.076171875
1988-06-01,1988,6,4,15588.8671875
1988-07-01,1988,7,4,14592.37890625
1988-08-01,1988,8,4,14186.73046875
1988-09-01,1988,9,4,11878.4921875
1988-10-01,1988,10,4,11556.6171875
1988-11-01,1988,11,4,13342.359375
1988-12-01,1988,12,4,16920.458984375
1989-01-01,1989,1,4,17725.14453125
1989-02-01,1989,2,4,18582.474609375
1989-03-01,1989,3,4,17156.353515625
1989-04-01,1989,4,4,15261.5
1989-05-01,1989,5,4,13454.0
1989-06-01,1989,6,4,12143.0
1989-07-01,1989,7,4,12275.0
1989-08-01,1989,8,4,12910.0
1989-09-01,1989,9,4,11222.0
1989-10-01,1989,10,4,10425.0
1989-11-01,1989,11,4,9793.0
1989-12-01,1989,12,4,8809.0
1990-01-01,1990,1,4,7056.0
1990-02-01,1990,2,4,6977.0
1990-03-01,1990,3,4,9267.0
1990-04-01,1990,4,4,8939.0
1990-05-01,1990,5,4,8698.0
1990-06-01,1990,6,4,8422.0
1990-07-01,1990,7,4,9318.0
1990-08-01,1990,8,4,10957.0
1990-09-01,1990,9,4,10844.0
1990-10-01,1990,10,4,9145.0
1990-11-01,1990,11,4,8587.0
1990-12-01,1990,12,4,8158.0
1991-01-01,1991,1,4,8569.0
1991-02-01,1991,2,4,8672.0
1991-03-01,1991,3,4,8700.0
1991-04-01,1991,4,4,9023.0
1991-05-01,1991,5,4,8499.609375
1991-06-01,1991,6,4,8296.5
1991-07-01,1991,7,4,8515.201171875
1991-08-01,1991,8,4,8154.75
1991-09-01,1991,9,4,7675.953125
1991-10-01,1991,10,4,7453.86328125
1991-11-01,1991,11,4,7258.5
1991-12-01,1991,12,4,7140.263671875
1992-01-01,1992,1,4,7531.13671875
1992-02-01,1992,2,4,7888.0
1992-03-01,1992,3,4,7430.455078125
1992-04-01,1992,4,4,7417.951171875
1992-05-01,1992,5,4,7333.947265625
1992-06-01,1992,6,4,7202.36328125
1992-07-01,1992,7,4,7516.173828125
1992-08-01,1992,8,4,7279.75
1992-09-01,1992,9,4,6918.572265625
1992-10-01,1992,10,4,6322.5
1992-11-01,1992,11,4,5593.71484375
1992-12-01,1992,12,4,5751.1904296875
1993-01-01,1993,1,4,5948.10009765625
1993-02-01,1993,2,4,6050.75
1993-03-01,1993,3,4,5974.9130859375
1993-04-01,1993,4,4,5987.5
1993-05-01,1993,5,4,5777.78955078125
1993-06-01,1993,6,4,5544.318359375
1993-07-01,1993,7,4,5051.181640625
1993-08-01,1993,8,4,4740.47607421875
1993-09-01,1993,9,4,4376.04541015625
1993-10-01,1993,10,4,4464.85693359375
1993-11-01,1993,11,4,4642.27294921875
1993-12-01,1993,12,4,5139.7998046875
1994-01-01,1994,1,4,5584.0478515625
1994-02-01,1994,2,4,5830.10009765625
1994-03-01,1994,3,4,5590.4345703125
1994-04-01,1994,4,4,5400.26318359375
1994-05-01,1994,5,4,6082.85693359375
1994-06-01,1994,6,4,6287.04541015625
1994-07-01,1994,7,4,6230.5712890625
1994-08-01,1994,8,4,5856.13623046875
1994-09-01,1994,9,4,6370.681640625
1994-10-01,1994,10,4,6735.85693359375
1994-11-01,1994,11,4,7474.54541015625
1994-12-01,1994,12,4,8540.650390625
1995-01-01,1995,1,4,9596.1904296875
1995-02-01,1995,2,4,8431.25
1995-03-01,1995,3,4,7522.39111328125
1995-04-01,1995,4,4,7405.0
1995-05-01,1995,5,4,7262.380859375
1995-06-01,1995,6,4,7877.27294921875
1995-07-01,1995,7,4,8618.0
1995-08-01,1995,8,4,8931.818359375
1995-09-01,1995,9,4,8397.25
1995-10-01,1995,10,4,8068.86376953125
1995-11-01,1995,11,4,8498.095703125
1995-12-01,1995,12,4,8074.21044921875
1996-01-01,1996,1,4,7870.71435546875
1996-02-01,1996,2,4,8198.5
1996-03-01,1996,3,4,8046.39990234375
1996-04-01,1996,4,4,8047.0
1996-05-01,1996,5,4,8042.85693359375
1996-06-01,1996,6,4,7713.15771484375
1996-07-01,1996,7,4,7202.60888671875
1996-08-01,1996,8,4,7037.619140625
1996-09-01,1996,9,4,7329.8095703125
1996-10-01,1996,10,4,7028.69580078125
1996-11-01,1996,11,4,6960.71435546875
1996-12-01,1996,12,4,6571.0478515625
1997-01-01,1997,1,4,7069.13623046875
1997-02-01,1997,2,4,7736.5791015625
1997-03-01,1997,3,4,7893.21044921875
1997-04-01,1997,4,4,7313.13623046875
1997-05-01,1997,5,4,7476.0
1997-06-01,1997,6,4,7060.0
1997-07-01,1997,7,4,6832.7392578125
1997-08-01,1997,8,4,6764.4501953125
1997-09-01,1997,9,4,6498.28564453125
1997-10-01,1997,10,4,6373.47802734375
1997-11-01,1997,11,4,6137.25
1997-12-01,1997,12,4,5942.380859375
1998-01-01,1998,1,4,5489.0
1998-02-01,1998,2,4,5367.25
1998-03-01,1998,3,4,5397.04541015625
1998-04-01,1998,4,4,5391.0
1998-05-01,1998,5,4,5016.84228515625
1998-06-01,1998,6,4,4456.90478515625
1998-07-01,1998,7,4,4332.619140625
1998-08-01,1998,8,4,4078.0
1998-09-01,1998,9,4,4100.9091796875
1998-10-01,1998,10,4,3870.45458984375
1998-11-01,1998,11,4,4117.25
1998-12-01,1998,12,4,3865.76318359375
1999-01-01,1999,1,4,4264.0
1999-02-01,1999,2,4,4623.25
1999-03-01,1999,3,4,5002.95454545455
1999-04-01,1999,4,4,5054.75
1999-05-01,1999,5,4,5395.78947368421
1999-06-01,1999,6,4,5194.77272727273
1999-07-01,1999,7,4,5696.36363636364
1999-08-01,1999,8,4,6431.42857142857
1999-09-01,1999,9,4,7029.09090909091
1999-10-01,1999,10,4,7317.61904761905
1999-11-01,1999,11,4,7946.81818181818
1999-12-01,1999,12,4,8073.23529411765
2000-01-01,2000,1,4,8315.25
2000-02-01,2000,2,4,9583.75
2000-03-01,2000,3,4,10255.4
2000-04-01,2000,4,4,9746.5
2000-05-01,2000,5,4,10122.9130434783
2000-06-01,2000,6,4,8384.31818181818
2000-07-01,2000,7,4,8174.80952380952
2000-08-01,2000,8,4,8038.4347826087
2000-09-01,2000,9,4,8624.80952380952
2000-10-01,2000,10,4,7650.63636363636
2000-11-01,2000,11,4,7350.59090909091
2000-12-01,2000,12,4,7318.8
2001-01-01,2001,1,4,6975.90909090909
2001-02-01,2001,2,4,6546.8
2001-03-01,2001,3,4,6165.18181818182
2001-04-01,2001,4,4,6363.11111111111
2001-05-01,2001,5,4,7086.47619047619
2001-06-01,2001,6,4,6674.33333333333
2001-07-01,2001,7,4,5962.54545454546
2001-08-01,2001,8,4,5525.63636363636
2001-09-01,2001,9,4,5057.65
2001-10-01,2001,10,4,4830.78260869565
2001-11-01,2001,11,4,5131.31818181818
2001-12-01,2001,12,4,5315.82352941176
2002-01-01,2002,1,4,6061.36363636364
2002-02-01,2002,2,4,6039.95
2002-03-01,2002,3,4,6543.2
2002-04-01,2002,4,4,6956.80952380952
2002-05-01,2002,5,4,6771.18181818182
2002-06-01,2002,6,4,7147.61111111111
2002-07-01,2002,7,4,7137.69565217391
2002-08-01,2002,8,4,6736.85714285714
2002-09-01,2002,9,4,6664.95238095238
2002-10-01,2002,10,4,6818.91304347826
2002-11-01,2002,11,4,7314.80952380952
2002-12-01,2002,12,4,7206.33333333333
2003-01-01,2003,1,4,8032.90909090909
2003-02-01,2003,2,4,8607.95
2003-03-01,2003,3,4,8339.71428571429
2003-04-01,2003,4,4,7930.6
2003-05-01,2003,5,4,8347.75
2003-06-01,2003,6,4,8839.04761904762
2003-07-01,2003,7,4,8831.78260869565
2003-08-01,2003,8,4,9359.9
2003-09-01,2003,9,4,9995.81818181818
2003-10-01,2003,10,4,11040.347826087
2003-11-01,2003,11,4,12052.4
2003-12-01,2003,12,4,14185.2095238095
2004-01-01,2004,1,4,15089.3333333333
2004-02-01,2004,2,4,15099.35
2004-03-01,2004,3,4,13786.5434782609
2004-04-01,2004,4,4,12725.9
2004-05-01,2004,5,4,11228.6052631579
2004-06-01,2004,6,4,13599.3636363636
2004-07-01,2004,7,4,15020.0681818182
2004-08-01,2004,8,4,13639.619047619
2004-09-01,2004,9,4,13430.3636363636
2004-10-01,2004,10,4,14378.4761904762
2004-11-01,2004,11,4,14089.5136363636
2004-12-01,2004,12,4,13764.9761904762
2005-01-01,2005,1,4,14563.75
2005-02-01,2005,2,4,15415.6
2005-03-01,2005,3,4,16239.9047619048
2005-04-01,2005,4,4,16138.3333333333
2005-05-01,2005,5,4,17002.25
2005-06-01,2005,6,4,16113.1818181818
2005-07-01,2005,7,4,14587.5952380952
2005-08-01,2005,8,4,14962.0
2005-09-01,2005,9,4,14154.5454545455
2005-10-01,2005,10,4,12431.119047619
2005-11-01,2005,11,4,12235.0454545455
2005-12-01,2005,12,4,13490.45
2006-01-01,2006,1,4,14660.8095238095
2006-02-01,2006,2,4,14974.5
2006-03-01,2006,3,4,14925.4782608696
2006-04-01,2006,4,4,18028.8888888889
2006-05-01,2006,5,4,21131.3333333333
2006-06-01,2006,6,4,20585.9090909091
2006-07-01,2006,7,4,26185.7142857143
2006-08-01,2006,8,4,30468.8636363636
2006-09-01,2006,9,4,29702.619047619
2006-10-01,2006,10,4,32551.1363636364
2006-11-01,2006,11,4,31891.5909090909
2006-12-01,2006,12,4,34400.5263157895
2007-01-01,2007,1,4,36821.5909090909
2007-02-01,2007,2,4,41078.25
2007-03-01,2007,3,4,46125.2272727273
2007-04-01,2007,4,4,49956.5789473684
2007-05-01,2007,5,4,51783.3333333333
2007-06-01,2007,6,4,41551.6666666667
2007-07-01,2007,7,4,33400.2272727273
2007-08-01,2007,8,4,27649.6363636364
2007-09-01,2007,9,4,29548.4
2007-10-01,2007,10,4,31156.0
2007-11-01,2007,11,4,30505.6363636364
2007-12-01,2007,12,4,26053.5555555556
2008-01-01,2008,1,4,27774.7727272727
2008-02-01,2008,2,4,28064.9523809524
2008-03-01,2008,3,4,31093.0526315789
2008-04-01,2008,4,4,28776.8181818182
2008-05-01,2008,5,4,25656.5
2008-06-01,2008,6,4,22562.5714285714
2008-07-01,2008,7,4,20106.9565217391
2008-08-01,2008,8,4,19111.8
2008-09-01,2008,9,4,17781.8636363636
2008-10-01,2008,10,4,12144.8695652174
2008-11-01,2008,11,4,10776.5
2008-12-01,2008,12,4,9846.92857142857
2009-01-01,2009,1,4,11562.9523809524
2009-02-01,2009,2,4,10410.75
2009-03-01,2009,3,4,9710.72727272727
2009-04-01,2009,4,4,11331.6
2009-05-01,2009,5,4,12763.3611111111
2009-06-01,2009,6,4,14961.9523809524
2009-07-01,2009,7,4,16024.5
2009-08-01,2009,8,4,19375.925
2009-09-01,2009,9,4,17404.6363636364
2009-10-01,2009,10,4,18489.4772727273
2009-11-01,2009,11,4,16911.3333333333
2009-12-01,2009,12,4,17121.6190476191
2010-01-01,2010,1,4,18405.55
2010-02-01,2010,2,4,19060.55
2010-03-01,2010,3,4,22467.17391304348
2010-04-01,2010,4,4,26028.5
2010-05-01,2010,5,4,21930.0
2010-06-01,2010,6,4,19411.295454545456
2010-07-01,2010,7,4,19548.522727272728
2010-08-01,2010,8,4,21448.785714285717
2010-09-01,2010,9,4,22690.136363636364
2010-10-01,2010,10,4,23793.67857142857
2010-11-01,2010,11,4,22836.227272727272
2010-12-01,2010,12,4,24099.571428571428
2011-01-01,2011,1,4,25621.225
2011-02-01,2011,2,4,28412.175
2011-03-01,2011,3,4,26710.34782608696
2011-04-01,2011,4,4,26332.166666666668
2011-05-01,2011,5,4,24164.55
2011-06-01,2011,6,4,22420.93181818182
2011-07-01,2011,7,4,23847.95238095238
2011-08-01,2011,8,4,21864.68181818182
2011-09-01,2011,9,4,20377.590909090908
2011-10-01,2011,10,4,19039.04761904762
2011-11-01,2011,11,4,17873.0
2011-12-01,2011,12,4,18246.0375
2012-01-01,2012,1,4,19908.61904761905
2012-02-01,2012,2,4,20393.666666666668
2012-03-01,2012,3,4,18660.80681818182
2012-04-01,2012,4,4,17892.815789473683
2012-05-01,2012,5,4,16968.31818181818
2012-06-01,2012,6,4,16603.684210526317
2012-07-01,2012,7,4,16128.40909090909
2012-08-01,2012,8,4,15703.988636363636
2012-09-01,2012,9,4,17287.9625
2012-10-01,2012,10,4,17168.739130434784
2012-11-01,2012,11,4,16335.363636363636
2012-12-01,2012,12,4,17448.5
2013-01-01,2013,1,4,17494.06818181818
2013-02-01,2013,2,4,17690.1
2013-03-01,2013,3,4,16731.7
2013-04-01,2013,4,4,15629.309523809525
2013-05-01,2013,5,4,14948.22619047619
2013-06-01,2013,6,4,14280.275
2013-07-01,2013,7,4,13750.315217391304
2013-08-01,2013,8,4,14308.261904761905
2013-09-01,2013,9,4,13801.392857142857
2013-10-01,2013,10,4,14117.652173913044
2013-11-01,2013,11,4,13684.011904761905
2013-12-01,2013,12,4,13924.55
2014-01-01,2014,1,4,14101.25
2014-02-01,2014,2,4,14203.55
2014-03-01,2014,3,4,15678.09523809524
2014-04-01,2014,4,4,17373.6
2014-05-01,2014,5,4,19401.075
2014-06-01,2014,6,4,18628.809523809523
2014-07-01,2014,7,4,19117.652173913044
2014-08-01,2014,8,4,18600.2
2014-09-01,2014,9,4,18034.795454545456
2014-10-01,2014,10,4,15812.369565217392
2014-11-01,2014,11,4,15807.05
2014-12-01,2014,12,4,15962.047619047618
2015-01-01,2015,1,4,14849.190476190475
2015-02-01,2015,2,4,14573.8375
2015-03-01,2015,3,4,13755.5
2015-04-01,2015,4,4,12830.925
2015-05-01,2015,5,4,13511.342105263158
2015-06-01,2015,6,4,12825.227272727272
2015-07-01,2015,7,4,11413.097826086956
2015-08-01,2015,8,4,10386.0
2015-09-01,2015,9,4,9937.545454545454
2015-10-01,2015,10,4,10316.829545454546
2015-11-01,2015,11,4,9244.333333333334
2015-12-01,2015,12,4,8707.785714285714
2016-01-01,2016,1,4,8507.2875
2016-02-01,2016,2,4,8298.5
2016-03-01,2016,3,4,8717.25
2016-04-01,2016,4,4,8878.857142857143
2016-05-01,2016,5,4,8660.35
2016-06-01,2016,6,4,8928.352272727272
2016-07-01,2016,7,4,10262.857142857143
2016-08-01,2016,8,4,10335.988636363636
2016-09-01,2016,9,4,10191.78409090909
2016-10-01,2016,10,4,10259.738095238095
2016-11-01,2016,11,4,11128.90909090909
2016-12-01,2016,12,4,10972.275
2017-01-01,2017,1,4,9971.464285714286
2017-02-01,2017,2,4,10643.3
2017-03-01,2017,3,4,10204.66304347826
2017-04-01,2017,4,4,9609.277777777776
2017-05-01,2017,5,4,9155.119047619048
2017-06-01,2017,6,4,8931.761363636364
1980-02-01,1980,2,5,868.620361328125
1980-03-01,1980,3,5,740.75244140625
1980-04-01,1980,4,5,707.68310546875
1980-05-01,1980,5,5,701.069091796875
1980-06-01,1980,6,5,676.818359375
1980-07-01,1980,7,5,712.09228515625
1980-08-01,1980,8,5,767.207763671875
1980-09-01,1980,9,5,795.867919921875
1980-10-01,1980,10,5,804.686279296875
1980-11-01,1980,11,5,800.277099609375
1980-12-01,1980,12,5,782.64013671875
1981-01-01,1981,1,5,776.026123046875
1981-02-01,1981,2,5,731.933837890625
1981-03-01,1981,3,5,756.1845703125
1981-04-01,1981,4,5,824.52783203125
1981-05-01,1981,5,5,850.9833984375
1981-06-01,1981,6,5,839.960205078125
1981-07-01,1981,7,5,864.2109375
1981-08-01,1981,8,5,954.600341796875
1981-09-01,1981,9,5,936.96337890625
1981-10-01,1981,10,5,890.66650390625
1981-11-01,1981,11,5,875.234130859375
1981-12-01,1981,12,5,848.77880859375
1982-01-01,1982,1,5,820.11865234375
1982-02-01,1982,2,5,824.52783203125
1982-03-01,1982,3,5,791.45849609375
1982-04-01,1982,4,5,740.75244140625
1982-05-01,1982,5,5,749.57080078125
1982-06-01,1982,6,5,692.250732421875
1982-07-01,1982,7,5,723.115478515625
1982-08-01,1982,8,5,714.296875
1982-09-01,1982,9,5,749.57080078125
1982-10-01,1982,10,5,751.775390625
1982-11-01,1982,11,5,709.8876953125
1982-12-01,1982,12,5,670.20458984375
1983-01-01,1983,1,5,698.864501953125
1983-02-01,1983,2,5,681.2275390625
1983-03-01,1983,3,5,679.02294921875
1983-04-01,1983,4,5,696.659912109375
1983-05-01,1983,5,5,736.343017578125
1983-06-01,1983,6,5,718.7060546875
1983-07-01,1983,7,5,740.75244140625
1983-08-01,1983,8,5,809.095458984375
1983-09-01,1983,9,5,837.755615234375
1983-10-01,1983,10,5,857.59716796875
1983-11-01,1983,11,5,859.8017578125
1983-12-01,1983,12,5,857.59716796875
1984-01-01,1984,1,5,956.80517578125
1984-02-01,1984,2,5,998.69287109375
1984-03-01,1984,3,5,1040.58056640625
1984-04-01,1984,4,5,1003.10205078125
1984-05-01,1984,5,5,1000.8974609375
1984-06-01,1984,6,5,941.372802734375
1984-07-01,1984,7,5,853.18798828125
1984-08-01,1984,8,5,833.346435546875
1984-09-01,1984,9,5,873.029541015625
1984-10-01,1984,10,5,844.369384765625
1984-11-01,1984,11,5,857.59716796875
1984-12-01,1984,12,5,859.8017578125
1985-01-01,1985,1,5,866.415771484375
1985-02-01,1985,2,5,886.25732421875
1985-03-01,1985,3,5,921.53125
1985-04-01,1985,4,5,930.349609375
1985-05-01,1985,5,5,879.643310546875
1985-06-01,1985,6,5,809.095458984375
1985-07-01,1985,7,5,767.207763671875
1985-08-01,1985,8,5,734.138427734375
1985-09-01,1985,9,5,690.046142578125
1985-10-01,1985,10,5,632.725830078125
1985-11-01,1985,11,5,597.451904296875
1985-12-01,1985,12,5,685.63671875
1986-01-01,1986,1,5,643.7490234375
1986-02-01,1986,2,5,608.47509765625
1986-03-01,1986,3,5,626.112060546875
1986-04-01,1986,4,5,659.181396484375
1986-05-01,1986,5,5,707.68310546875
1986-06-01,1986,6,5,804.686279296875
1986-07-01,1986,7,5,806.890869140625
1986-08-01,1986,8,5,815.70947265625
1986-09-01,1986,9,5,870.824951171875
1986-10-01,1986,10,5,886.25732421875
1986-11-01,1986,11,5,820.11865234375
1986-12-01,1986,12,5,798.072509765625
1987-01-01,1987,1,5,758.38916015625
1987-02-01,1987,2,5,740.75244140625
1987-03-01,1987,3,5,731.933837890625
1987-04-01,1987,4,5,760.593994140625
1987-05-01,1987,5,5,837.755615234375
1987-06-01,1987,6,5,877.438720703125
1987-07-01,1987,7,5,828.93701171875
1987-08-01,1987,8,5,802.481689453125
1987-09-01,1987,9,5,756.1845703125
1987-10-01,1987,10,5,769.412353515625
1987-11-01,1987,11,5,846.573974609375
1987-12-01,1987,12,5,866.415771484375
1988-01-01,1988,1,5,877.438720703125
1988-02-01,1988,2,5,875.234130859375
1988-03-01,1988,3,5,981.055908203125
1988-04-01,1988,4,5,1069.24072265625
1988-05-01,1988,5,5,1175.0625
1988-06-01,1988,6,5,1364.65966796875
1988-07-01,1988,7,5,1236.79174804688
1988-08-01,1988,8,5,1307.33959960938
1988-09-01,1988,9,5,1329.3857421875
1988-10-01,1988,10,5,1518.98315429688
1988-11-01,1988,11,5,1556.46166992188
1988-12-01,1988,12,5,1591.73559570313
1989-01-01,1989,1,5,1732.83129882813
1989-02-01,1989,2,5,1929.49731445313
1989-03-01,1989,3,5,1959.9072265625
1989-04-01,1989,4,5,1654.39990234375
1989-05-01,1989,5,5,1627.0
1989-06-01,1989,6,5,1537.0
1989-07-01,1989,7,5,1614.0
1989-08-01,1989,8,5,1726.0
1989-09-01,1989,9,5,1626.0
1989-10-01,1989,10,5,1583.0
1989-11-01,1989,11,5,1435.0
1989-12-01,1989,12,5,1450.0
1990-01-01,1990,1,5,1294.0
1990-02-01,1990,2,5,1394.0
1990-03-01,1990,3,5,1666.0
1990-04-01,1990,4,5,1686.0
1990-05-01,1990,5,5,1775.0
1990-06-01,1990,6,5,1715.0
1990-07-01,1990,7,5,1637.0
1990-08-01,1990,8,5,1615.0
1990-09-01,1990,9,5,1537.0
1990-10-01,1990,10,5,1353.0
1990-11-01,1990,11,5,1278.0
1990-12-01,1990,12,5,1265.0
1991-01-01,1991,1,5,1206.0
1991-02-01,1991,2,5,1188.0
1991-03-01,1991,3,5,1199.0
1991-04-01,1991,4,5,1254.0
1991-05-01,1991,5,5,1127.73999023438
1991-06-01,1991,6,5,1067.44995117188
1991-07-01,1991,7,5,1063.41333007813
1991-08-01,1991,8,5,1047.73999023438
1991-09-01,1991,9,5,1025.60009765625
1991-10-01,1991,10,5,991.64990234375
1991-11-01,1991,11,5,1100.65014648438
1991-12-01,1991,12,5,1185.0791015625
1992-01-01,1992,1,5,1157.6591796875
1992-02-01,1992,2,5,1135.47509765625
1992-03-01,1992,3,5,1217.77270507813
1992-04-01,1992,4,5,1304.94995117188
1992-05-01,1992,5,5,1377.73681640625
1992-06-01,1992,6,5,1385.4091796875
1992-07-01,1992,7,5,1320.4091796875
1992-08-01,1992,8,5,1363.40014648438
1992-09-01,1992,9,5,1367.119140625
1992-10-01,1992,10,5,1158.36376953125
1992-11-01,1992,11,5,1052.23803710938
1992-12-01,1992,12,5,1061.47619628906
1993-01-01,1993,1,5,1067.57495117188
1993-02-01,1993,2,5,1073.625
1993-03-01,1993,3,5,996.760864257813
1993-04-01,1993,4,5,1006.0
1993-05-01,1993,5,5,979.26318359375
1993-06-01,1993,6,5,928.227294921875
1993-07-01,1993,7,5,930.068176269531
1993-08-01,1993,8,5,886.833312988281
1993-09-01,1993,9,5,875.727294921875
1993-10-01,1993,10,5,918.571411132813
1993-11-01,1993,11,5,929.386352539063
1993-12-01,1993,12,5,975.534973144531
1994-01-01,1994,1,5,998.59521484375
1994-02-01,1994,2,5,969.75
1994-03-01,1994,3,5,937.608703613281
1994-04-01,1994,4,5,924.342102050781
1994-05-01,1994,5,5,956.714294433594
1994-06-01,1994,6,5,966.0
1994-07-01,1994,7,5,962.642883300781
1994-08-01,1994,8,5,946.909118652344
1994-09-01,1994,9,5,993.545471191406
1994-10-01,1994,10,5,1059.54760742188
1994-11-01,1994,11,5,1150.27270507813
1994-12-01,1994,12,5,1112.75
1995-01-01,1995,1,5,1154.8095703125
1995-02-01,1995,2,5,1030.67504882813
1995-03-01,1995,3,5,1021.69567871094
1995-04-01,1995,4,5,1059.13891601563
1995-05-01,1995,5,5,1036.61901855469
1995-06-01,1995,6,5,1007.77270507813
1995-07-01,1995,7,5,1028.05505371094
1995-08-01,1995,8,5,1015.47729492188
1995-09-01,1995,9,5,988.025024414063
1995-10-01,1995,10,5,980.431823730469
1995-11-01,1995,11,5,1033.1904296875
1995-12-01,1995,12,5,1017.15789794922
1996-01-01,1996,1,5,1019.69049072266
1996-02-01,1996,2,5,1035.83337402344
1996-03-01,1996,3,5,1063.25
1996-04-01,1996,4,5,1043.94995117188
1996-05-01,1996,5,5,1036.54760742188
1996-06-01,1996,6,5,1009.40002441406
1996-07-01,1996,7,5,1000.52172851563
1996-08-01,1996,8,5,1007.95239257813
1996-09-01,1996,9,5,998.976196289063
1996-10-01,1996,10,5,1002.71740722656
1996-11-01,1996,11,5,1044.31433105469
1996-12-01,1996,12,5,1036.54760742188
1997-01-01,1997,1,5,1086.13635253906
1997-02-01,1997,2,5,1178.15795898438
1997-03-01,1997,3,5,1254.34216308594
1997-04-01,1997,4,5,1240.02270507813
1997-05-01,1997,5,5,1310.125
1997-06-01,1997,6,5,1354.97619628906
1997-07-01,1997,7,5,1517.02172851563
1997-08-01,1997,8,5,1650.625
1997-09-01,1997,9,5,1638.28576660156
1997-10-01,1997,10,5,1276.67395019531
1997-11-01,1997,11,5,1171.15002441406
1997-12-01,1997,12,5,1101.26196289063
1998-01-01,1998,1,5,1096.25
1998-02-01,1998,2,5,1043.19995117188
1998-03-01,1998,3,5,1046.75
1998-04-01,1998,4,5,1096.17504882813
1998-05-01,1998,5,5,1060.36840820313
1998-06-01,1998,6,5,1007.59521484375
1998-07-01,1998,7,5,1043.5
1998-08-01,1998,8,5,1029.05004882813
1998-09-01,1998,9,5,999.636352539063
1998-10-01,1998,10,5,941.363647460938
1998-11-01,1998,11,5,965.950012207031
1998-12-01,1998,12,5,961.578918457031
1999-01-01,1999,1,5,931.75
1999-02-01,1999,2,5,1017.6
1999-03-01,1999,3,5,1028.79545454545
1999-04-01,1999,4,5,1018.175
1999-05-01,1999,5,5,1039.92105263158
1999-06-01,1999,6,5,999.909090909091
1999-07-01,1999,7,5,1071.22727272727
1999-08-01,1999,8,5,1129.69047619048
1999-09-01,1999,9,5,1192.93181818182
1999-10-01,1999,10,5,1147.97619047619
1999-11-01,1999,11,5,1146.38636363636
1999-12-01,1999,12,5,1185.23529411765
2000-01-01,2000,1,5,1178.575
2000-02-01,2000,2,5,1098.25
2000-03-01,2000,3,5,1113.0
2000-04-01,2000,4,5,1132.52
2000-05-01,2000,5,5,1154.07391304348
2000-06-01,2000,6,5,1116.19090909091
2000-07-01,2000,7,5,1135.91428571429
2000-08-01,2000,8,5,1172.55217391304
2000-09-01,2000,9,5,1221.67142857143
2000-10-01,2000,10,5,1091.61363636364
2000-11-01,2000,11,5,1058.68181818182
2000-12-01,2000,12,5,1059.33
2001-01-01,2001,1,5,1032.7
2001-02-01,2001,2,5,1021.58
2001-03-01,2001,3,5,1005.62272727273
2001-04-01,2001,4,5,970.138888888889
2001-05-01,2001,5,5,937.961904761905
2001-06-01,2001,6,5,896.928571428571
2001-07-01,2001,7,5,853.304545454545
2001-08-01,2001,8,5,830.031818181818
2001-09-01,2001,9,5,799.51
2001-10-01,2001,10,5,761.739130434782
2001-11-01,2001,11,5,774.345454545454
2001-12-01,2001,12,5,757.970588235294
2002-01-01,2002,1,5,794.195454545454
2002-02-01,2002,2,5,773.47
2002-03-01,2002,3,5,819.995
2002-04-01,2002,4,5,807.57619047619
2002-05-01,2002,5,5,768.25
2002-06-01,2002,6,5,769.422222222222
2002-07-01,2002,7,5,795.013043478261
2002-08-01,2002,8,5,748.809523809524
2002-09-01,2002,9,5,756.17619047619
2002-10-01,2002,10,5,755.086956521739
2002-11-01,2002,11,5,764.566666666666
2002-12-01,2002,12,5,794.261904761905
2003-01-01,2003,1,5,782.340909090909
2003-02-01,2003,2,5,785.665
2003-03-01,2003,3,5,790.328571428571
2003-04-01,2003,4,5,756.75
2003-05-01,2003,5,5,776.115
2003-06-01,2003,6,5,790.661904761905
2003-07-01,2003,7,5,828.5
2003-08-01,2003,8,5,815.2
2003-09-01,2003,9,5,818.940909090909
2003-10-01,2003,10,5,900.104347826087
2003-11-01,2003,11,5,914.235
2003-12-01,2003,12,5,976.757142857143
2004-01-01,2004,1,5,1015.8880952381
2004-02-01,2004,2,5,1085.7875
2004-03-01,2004,3,5,1101.79565217391
2004-04-01,2004,4,5,1028.9125
2004-05-01,2004,5,5,1030.97894736842
2004-06-01,2004,6,5,1018.86363636364
2004-07-01,2004,7,5,988.104545454545
2004-08-01,2004,8,5,976.8
2004-09-01,2004,9,5,980.027272727273
2004-10-01,2004,10,5,1066.95238095238
2004-11-01,2004,11,5,1100.23181818182
2004-12-01,2004,12,5,1182.1380952381
2005-01-01,2005,1,5,1245.55
2005-02-01,2005,2,5,1323.105
2005-03-01,2005,3,5,1373.95714285714
2005-04-01,2005,4,5,1297.80952380952
2005-05-01,2005,5,5,1245.535
2005-06-01,2005,6,5,1273.11818181818
2005-07-01,2005,7,5,1196.85714285714
2005-08-01,2005,8,5,1300.75
2005-09-01,2005,9,5,1396.66363636364
2005-10-01,2005,10,5,1483.21904761905
2005-11-01,2005,11,5,1610.65
2005-12-01,2005,12,5,1819.355
2006-01-01,2006,1,5,2091.76666666667
2006-02-01,2006,2,5,2219.745
2006-03-01,2006,3,5,2427.65652173913
2006-04-01,2006,4,5,3068.33888888889
2006-05-01,2006,5,5,3544.64285714286
2006-06-01,2006,6,5,3197.59090909091
2006-07-01,2006,7,5,3320.73809523809
2006-08-01,2006,8,5,3339.96590909091
2006-09-01,2006,9,5,3394.05952380952
2006-10-01,2006,10,5,3829.60227272727
2006-11-01,2006,11,5,4378.61363636364
2006-12-01,2006,12,5,4381.44736842105
2007-01-01,2007,1,5,3784.86363636364
2007-02-01,2007,2,5,3321.375
2007-03-01,2007,3,5,3256.18181818182
2007-04-01,2007,4,5,3566.85526315789
2007-05-01,2007,5,5,3847.52380952381
2007-06-01,2007,6,5,3628.65476190476
2007-07-01,2007,7,5,3546.29545454545
2007-08-01,2007,8,5,3244.17045454545
2007-09-01,2007,9,5,2887.6
2007-10-01,2007,10,5,2979.98913043478
2007-11-01,2007,11,5,2554.60227272727
2007-12-01,2007,12,5,2378.59722222222
2008-01-01,2008,1,5,2364.40909090909
2008-02-01,2008,2,5,2458.47619047619
2008-03-01,2008,3,5,2511.18421052632
2008-04-01,2008,4,5,2278.51136363636
2008-05-01,2008,5,5,2178.325
2008-06-01,2008,6,5,1906.17380952381
2008-07-01,2008,7,5,1856.44565217391
2008-08-01,2008,8,5,1734.65
2008-09-01,2008,9,5,1744.52272727273
2008-10-01,2008,10,5,1303.00434782609
2008-11-01,2008,11,5,1169.3625
2008-12-01,2008,12,5,1112.90476190476
2009-01-01,2009,1,5,1202.52380952381
2009-02-01,2009,2,5,1118.0025
2009-03-01,2009,3,5,1223.21818181818
2009-04-01,2009,4,5,1388.1375
2009-05-01,2009,5,5,1491.89444444444
2009-06-01,2009,6,5,1555.46428571429
2009-07-01,2009,7,5,1582.85227272727
2009-08-01,2009,8,5,1818.0125
2009-09-01,2009,9,5,1879.14772727273
2009-10-01,2009,10,5,2070.84454545455
2009-11-01,2009,11,5,2196.54761904762
2009-12-01,2009,12,5,2374.0380952381
2010-01-01,2010,1,5,2414.69
2010-02-01,2010,2,5,2158.82
2010-03-01,2010,3,5,2277.2913043478266
2010-04-01,2010,4,5,2367.53
2010-05-01,2010,5,5,1969.815789473684
2010-06-01,2010,6,5,1746.5113636363635
2010-07-01,2010,7,5,1847.0272727272727
2010-08-01,2010,8,5,2047.4761904761904
2010-09-01,2010,9,5,2150.943181818182
2010-10-01,2010,10,5,2373.5619047619048
2010-11-01,2010,11,5,2283.2954545454545
2010-12-01,2010,12,5,2287.3214285714284
2011-01-01,2011,1,5,2375.8125
2011-02-01,2011,2,5,2473.45
2011-03-01,2011,3,5,2341.478260869565
2011-04-01,2011,4,5,2371.4777777777776
2011-05-01,2011,5,5,2159.6
2011-06-01,2011,6,5,2234.465909090909
2011-07-01,2011,7,5,2397.754761904762
2011-08-01,2011,8,5,2199.2386363636365
2011-09-01,2011,9,5,2075.2204545454547
2011-10-01,2011,10,5,1871.4166666666667
2011-11-01,2011,11,5,1935.3181818181815
2011-12-01,2011,12,5,1911.15
2012-01-01,2012,1,5,1989.2261904761904
2012-02-01,2012,2,5,2057.785714285714
2012-03-01,2012,3,5,2035.925
2012-04-01,2012,4,5,2002.684210526316
2012-05-01,2012,5,5,1928.011363636364
2012-06-01,2012,6,5,1855.934210526316
2012-07-01,2012,7,5,1847.75
2012-08-01,2012,8,5,1816.3181818181815
2012-09-01,2012,9,5,2009.85
2012-10-01,2012,10,5,1903.958695652174
2012-11-01,2012,11,5,1912.3977272727277
2012-12-01,2012,12,5,2040.4289473684207
2013-01-01,2013,1,5,2031.409090909091
2013-02-01,2013,2,5,2128.6875
2013-03-01,2013,3,5,1929.15
2013-04-01,2013,4,5,1855.6
2013-05-01,2013,5,5,1831.0119047619048
2013-06-01,2013,6,5,1839.0125
2013-07-01,2013,7,5,1837.6195652173917
2013-08-01,2013,8,5,1896.392857142857
2013-09-01,2013,9,5,1846.8809523809523
2013-10-01,2013,10,5,1884.8369565217392
2013-11-01,2013,11,5,1866.4166666666667
2013-12-01,2013,12,5,1974.975
2014-01-01,2014,1,5,2036.9318181818185
2014-02-01,2014,2,5,2034.525
2014-03-01,2014,3,5,2007.904761904762
2014-04-01,2014,4,5,2027.2125
2014-05-01,2014,5,5,2058.975
2014-06-01,2014,6,5,2128.095238095238
2014-07-01,2014,7,5,2310.6195652173915
2014-08-01,2014,8,5,2326.9875
2014-09-01,2014,9,5,2294.590909090909
2014-10-01,2014,10,5,2276.826086956521
2014-11-01,2014,11,5,2253.225
2014-12-01,2014,12,5,2175.7619047619046
2015-01-01,2015,1,5,2113.0476190476197
2015-02-01,2015,2,5,2097.7625
2015-03-01,2015,3,5,2028.7272727272727
2015-04-01,2015,4,5,2212.725
2015-05-01,2015,5,5,2281.8026315789475
2015-06-01,2015,6,5,2082.090909090909
2015-07-01,2015,7,5,2000.684782608696
2015-08-01,2015,8,5,1807.6375
2015-09-01,2015,9,5,1720.2272727272727
2015-10-01,2015,10,5,1724.340909090909
2015-11-01,2015,11,5,1583.309523809524
2015-12-01,2015,12,5,1527.7857142857142
2016-01-01,2016,1,5,1520.3625
2016-02-01,2016,2,5,1709.845238095238
2016-03-01,2016,3,5,1801.690476190476
2016-04-01,2016,4,5,1855.373809523809
2016-05-01,2016,5,5,1869.025
2016-06-01,2016,6,5,2026.1931818181815
2016-07-01,2016,7,5,2183.25
2016-08-01,2016,8,5,2279.1363636363635
2016-09-01,2016,9,5,2292.306818181818
2016-10-01,2016,10,5,2311.5
2016-11-01,2016,11,5,2566.204545454545
2016-12-01,2016,12,5,2664.8125
2017-01-01,2017,1,5,2714.7976190476197
2017-02-01,2017,2,5,2845.55
2017-03-01,2017,3,5,2776.8804347826085
2017-04-01,2017,4,5,2614.9166666666665
2017-05-01,2017,5,5,2590.214285714286
2017-06-01,2017,6,5,2573.3977272727275
